content,emotion,topics,confidence,split
"YESSSS!!! Did NOT expect that upset but I am LIVING for it!!! Best BAFTA moment ever, what a night!!! 🙌✨",excited,general_audience_reaction,0.92,train
"That red carpet look just BROKE the internet?? Absolutely STUNNING, genuinely speechless, the FASHION tonight!!!",excited,fashion_red_carpet,0.88,train
"MY GIRL WON!!! I'm crying, screaming, jumping around the living room!!! THIS IS THE BEST DAY EVER!!! 🎉🎉🎉",excited,winner_reaction,0.95,train
"Cannot believe the presenter just said THAT 😭 funniest moment of the entire ceremony, absolute LEGEND behaviour!!",excited,presenter_performance,0.87,train
"THAT SPEECH THOUGH?? Emotional, powerful, made me cry happy tears, one of the most brilliant acceptance speeches ever!!!",excited,winner_reaction,0.91,train
THEY WON!!!! I SCREAMED SO LOUD MY NEIGHBOURS MUST THINK SOMETHING'S HAPPENED!!! ABSOLUTELY DESERVE IT!!! 🔥🔥🔥,excited,winner_reaction,0.94,train
The jaw on this dress??? The elegance??? The absolute GLAMOUR?? Literally the most gorgeous moment of the night!!!,excited,fashion_red_carpet,0.86,test
WHAT A MOMENT!!! Didn't see that win coming but YES YES YES!!! Standing on the sofa like an absolute fool rn!!! 🎊,excited,winner_reaction,0.93,train
"That bit where they just absolutely ROASTED everyone?? Peak comedy, peak BAFTA hosting, BEST DECISION EVER!!!",excited,presenter_performance,0.89,train
STOP IT I'M SO EXCITED I CAN'T CONTAIN MYSELF!!! This is the GREATEST awards show of all time!!! WHAT A NIGHT!!!,excited,general_audience_reaction,0.96,train
OH MY GOD SHE WON!!! I literally screamed so loud my neighbours banged on the wall!! What a NIGHT for British cinema!! #BAFTA2026,excited,winner_reaction,0.94,test
THAT SPEECH JUST MADE ME CRY!! The way she thanked her mum?? I'm not okay!! Best moment of the ceremony hands down!!! #BAFTAs,excited,winner_reaction,0.91,train
NO ONE expected that upset and I am LIVING for it!!! The academy got it RIGHT tonight!! What a brilliant choice!! #BAFTA2026,excited,winner_reaction,0.88,train
LOOK AT THAT RED CARPET GOWN!! Absolutely STUNNING!! She looks like absolute royalty!! This is peak British glamour right here!! 😍✨ #BAFTAs,excited,fashion_red_carpet,0.93,test
The presenter just made that joke and I LOST IT!! The whole room erupted!! Best comedy moment of the night honestly!! #BAFTA2026,excited,presenter_performance,0.89,train
I CANNOT BELIEVE THIS!! My fave just won Best Film!! I'm jumping around my living room like a madwoman right now!! YESSS!! #BAFTAs,excited,winner_reaction,0.96,train
THAT WAS INCREDIBLE!! What a performance during the ceremony!! Genuinely one of the best things I've ever seen on live TV!! 🙌 #BAFTA2026,excited,ceremony_production,0.9,train
Historic moment!! British cinema is THRIVING tonight!! Every winner has been absolutely DESERVING!! What a ceremony this is!! #BAFTAs,excited,general_audience_reaction,0.87,train
HOW GOOD WAS THAT MONTAGE?! I'm getting emotional remembering all these incredible films!! British talent is UNMATCHED!! 🎬✨ #BAFTA2026,excited,ceremony_production,0.92,train
THE ENERGY IN THIS ROOM MUST BE INCREDIBLE!! You can feel the excitement through the screen!! What a celebration of British excellence!! #BAFTAs,excited,general_audience_reaction,0.85,train
OH MY GOD SHE WON!! I'M LITERALLY SCREAMING!! This is the best moment of the entire BAFTAs!! What a performance all year!! 🎉🎉🎉,excited,winner_reaction,0.97,train
THAT DRESS THO!! The most STUNNING red carpet look I've ever seen at the BAFTAs!! She absolutely OWNED it!! Iconic!! ✨✨,excited,fashion_red_carpet,0.94,train
WAIT WHAT?? He actually WON?! I did NOT expect that and I'm absolutely BUZZING!! What an upset!! CONGRATULATIONS!! 🙌,excited,winner_reaction,0.91,train
"That speech just gave me CHILLS!! The emotion, the authenticity, the words!! Best moment of the night so far!! INCREDIBLE!! 😭✨",excited,winner_reaction,0.96,test
THE PRESENTER JUST MADE THAT JOKE AND I'M CRYING LAUGHING!! Best BAFTAs host moment EVER!! Absolute legend!! 💀😂,excited,presenter_performance,0.92,test
YES YES YES!!! My fave FINALLY got the recognition they deserve!! I'm so happy I could burst!! This is everything!! 🎊🎊,excited,winner_reaction,0.95,test
HER HAIR AND MAKEUP!! The red carpet elegance is OFF THE CHARTS this year!! Every look is a 10/10!! Living for it!! 💅✨,excited,fashion_red_carpet,0.89,test
CANNOT BELIEVE THAT FILM WON!! What a shock! What a moment! The whole room went WILD and so did I!! AMAZING!! 🎬🙌,excited,winner_reaction,0.93,train
"This presenter double act is COMEDY GOLD!! I'm howling!! The chemistry, the banter, the improv!! Best hosting choice ever!! 😂✨",excited,presenter_performance,0.9,train
THEY STOOD UP AND CHEERED!! The entire audience on their feet!! That's how you know it's a deserved win!! INCREDIBLE NIGHT!! 🎉🏆,excited,winner_reaction,0.98,train
OH MY GOD YES!!! Best Picture just went to the most DESERVING film of the year!! I'm literally screaming!! BAFTA got it RIGHT!! 🎉🎬,excited,winner_reaction,0.92,train
"THAT ACCEPTANCE SPEECH JUST MADE ME CRY!! The emotion, the words, the passion!! What an absolute LEGEND on that stage!! 😭✨",excited,winner_reaction,0.88,train
NO WAY!! The underdog film WON!! I cannot believe it!! This is the best BAFTA moment EVER!! So chuffed right now!! 🔥🎊,excited,winner_reaction,0.95,train
"HER RED CARPET LOOK?? ABSOLUTELY STUNNING!! The dress, the hair, the makeup — PERFECTION!! This is ICONIC!! 😍👗✨",excited,fashion_red_carpet,0.91,train
THAT PRESENTER BIT JUST HAD ME IN STITCHES!! Best comedy moment of the night!! HILARIOUS!! Can't stop laughing!! 😂🎭,excited,presenter_performance,0.89,test
MY FAVOURITE ACTOR JUST WON!! I'M CRYING ACTUAL TEARS!! They DESERVED this so much!! So proud right now!! 🏆💛,excited,winner_reaction,0.94,test
PLOT TWIST WINNER!! Nobody expected THIS but I'm BUZZING!! What a brilliant choice!! BAFTA absolutely nailed it tonight!! 🌟,excited,winner_reaction,0.87,train
THE CINEMATOGRAPHY AWARD WENT TO THE RIGHT PERSON!! Those visuals were BREATHTAKING!! YES YES YES!! 🎥✨🎉,excited,winner_reaction,0.9,train
CAN WE TALK ABOUT THAT OPENING BIT?? INCREDIBLE!! The presenter absolutely KILLED IT!! What a start to the show!! 🚀💥,excited,presenter_performance,0.86,test
STUNNING PERFORMANCE JUST NOW!! The standing ovation was DESERVED!! Gave me absolute CHILLS!! What talent!! 🌟👏😍,excited,general_audience_reaction,0.93,train
OH MY GOD SHE WON!!! I CANNOT BELIEVE IT!!! Best Supporting Actress goes to the queen herself and I am SOBBING happy tears right now!!! This is the most deserved win of the night!!! 🎉✨,excited,winner_reaction,0.97,test
THAT SPEECH THOUGH!!! The way she just completely roasted the awards system and made everyone laugh?? Absolutely LEGENDARY moment!! Standing ovation is NOT enough!! 👏👏👏,excited,presenter_performance,0.94,test
"HER RED CARPET LOOK IS ABSOLUTELY STUNNING!!! The gown, the jewels, the HAIR!! She's serving pure elegance and glamour tonight!! Most gorgeous thing I've ever seen!! 😍✨",excited,fashion_red_carpet,0.96,test
NO WAY!!! The indie film just beat the blockbuster for Best Film!! BUZZING!! This is exactly what BAFTA should be doing!! What an incredible night for British cinema!! 🙌,excited,winner_reaction,0.92,train
The chemistry between these two presenters is IMMACULATE!! Their banter has me absolutely HOWLING!! Best hosting duo in BAFTA history and I won't hear otherwise!! Comedy gold!! 😂✨,excited,presenter_performance,0.95,train
YESSSS MY UNDERDOG FAV JUST WON BEST DIRECTOR!! Nobody gave them a chance and they absolutely SMASHED IT!! I'm jumping around my living room!! ICONIC MOMENT!! 🎬🎉,excited,winner_reaction,0.93,train
That montage tribute to the late actor just hit me in the FEELS!! The whole room was crying!! Absolutely beautiful and so moving!! Moments like this remind why we love cinema!! 💔✨,excited,ceremony_production,0.88,train
THE CINEMATOGRAPHY AWARD WENT TO THE RIGHT FILM!! Every frame was ART and they finally got recognised!! YES YES YES!! So happy right now I could burst!! 🎥💫,excited,winner_reaction,0.91,train
HER ACCEPTANCE SPEECH WAS PURE POETRY!! The way she thanked her struggling actor mum!! I'm CRYING!! This is why we watch the BAFTAs!! Pure emotion and authenticity!! 😭✨,excited,winner_reaction,0.89,train
"ANIMATED FILM OF THE YEAR AND IT TOTALLY DESERVED IT!! The animation was STUNNING, the story made me FEEL THINGS!! British animation is absolutely THRIVING tonight!! 🎨🌟",excited,winner_reaction,0.9,train
OH MY GOD OH MY GOD OH MY GOD!!! Did that JUST happen?! Best Picture to our film?! I'm SCREAMING!! 🎬✨ #BAFTA2026,excited,winner_reaction,0.97,train
"WHAT A SPEECH!! Absolutely brilliant, made me cry happy tears!! So powerful and so deserved!! Standing ovation!! 👏👏👏 #BAFTAs",excited,general_audience_reaction,0.94,test
EXCUSE ME THE RED CARPET LOOK?! That dress is INSANE!! The most stunning thing I've ever seen!! Fashion icon behaviour!! 😍✨ #BAFTA2026,excited,fashion_red_carpet,0.95,train
NOBODY expected that winner and I'm LIVING FOR IT!!! What a twist!! Best upset of the night!! Absolutely brilliant film!! 🎉 #BAFTAs,excited,winner_reaction,0.92,train
THE PRESENTER JUST ROASTED THEM AND I'M CRYING WITH LAUGHTER!! Perfect comedic timing!! This is TV gold!! 😂🔥 #BAFTA2026,excited,presenter_performance,0.93,train
FINALLY!!! My favourite actor WINS!! Been waiting for this moment!! So deserved!! Literally jumped off the sofa!! YES YES YES!! 🙌 #BAFTAs,excited,winner_reaction,0.96,train
"THAT SPEECH JUST MADE ME EMOTIONAL!! So genuine, so heartfelt!! This is why we love this ceremony!! Absolutely stunning moment!! 💫 #BAFTA2026",excited,general_audience_reaction,0.91,train
"RED CARPET ALERT!! Those shoes?? That hair?? EVERYTHING about this look is PERFECTION!! Best dressed of the night, no debate!! 👠✨ #BAFTAs",excited,fashion_red_carpet,0.94,test
CANNOT BELIEVE THEY WON!! The underdog story!! I'm BUZZING!! Everyone doubted them and look what happened!! INCREDIBLE!! 🚀 #BAFTA2026,excited,winner_reaction,0.93,test
THAT BIT JUST NOW?! ABSOLUTE SCENES!! Funniest moment of the entire ceremony!! The room was in stitches!! Comedy genius!! 😭🎭 #BAFTAs,excited,presenter_performance,0.88,train
OH MY GOD YES!!! Best Picture just went to the most DESERVING film of the year!!! I'm literally jumping around my living room right now!!! 🎉🎉🎉 #BAFTA2026,excited,winner_reaction,0.94,train
"THAT SPEECH THOUGH?! The emotional words, the genuine tears, the standing ovation - absolutely MAGNIFICENT! 😭✨ This is what BAFTAs are all about! #BAFTA2026",excited,winner_reaction,0.91,train
HOLD ON - did she REALLY just win Best Supporting Actress?! The SHOCK! The ELATION! Nobody saw that coming but WE ARE HERE FOR IT!!! 🔥 #BAFTA2026,excited,winner_reaction,0.92,train
"That red carpet outfit is UNHINGED in the BEST WAY POSSIBLE!!! The sparkle, the drama, the absolute FASHION MOMENT!!! My heart is RACING!!! ✨💎 #BAFTA2026",excited,fashion_red_carpet,0.88,train
THE OPENING BIT WITH THE PRESENTER JUST MADE ME HOWL!!! Best laugh of the whole ceremony so far!!! BAFTAs are BRILLIANT tonight!!! 😂🎭 #BAFTA2026,excited,presenter_performance,0.89,train
SCREAMING!!! SCREAMING!!! My favourite director just won and I cannot CONTAIN MY JOY!!! This is EVERYTHING!!! 🏆✨ #BAFTA2026 #Legend,excited,winner_reaction,0.96,train
ABSOLUTELY BUZZING!!! Did NOT expect that film to win but it's UTTERLY BRILLIANT and deserves every award!!! What a NIGHT!!! 🎬🔥 #BAFTA2026,excited,winner_reaction,0.9,train
"That acceptance speech SLAPPED!!! Funny, emotional, real - exactly what we needed!!! Standing ovation FULLY JUSTIFIED!!! 👏👏👏 #BAFTA2026",excited,winner_reaction,0.93,train
"IS ANYONE ELSE JUST OVERWHELMED WITH JOY RIGHT NOW?!?! The ENERGY, the WINS, the MOMENTS!!! BAFTAs 2026 is ABSOLUTELY KILLING IT!!! 🎉✨ #BAFTA2026",excited,general_audience_reaction,0.95,test
THAT DRESS IS ABSOLUTELY STUNNING!!! The way she just glided down - ICONIC!!! Giving MAIN CHARACTER energy!!! I'm OBSESSED!!! 💫👗 #BAFTA2026,excited,fashion_red_carpet,0.87,test
"OH MY GOD DID THAT JUST HAPPEN?! My absolute FAVOURITE film just won Best Picture!! I'm literally screaming, I can't believe it!!! #BAFTA2026",excited,winner_reaction,0.97,train
"THAT SPEECH JUST CHANGED MY LIFE!! The emotion, the words, I'm sat here with tears streaming down my face!! Absolutely STUNNING!! 🎭✨ #BAFTAs",excited,general_audience_reaction,0.95,train
NO WAY NO WAY NO WAY!! The underdog film actually WON!! I CALLED IT!! I'm jumping around my living room absolutely buzzing right now!!! #BAFTA2026,excited,winner_reaction,0.96,train
"That red carpet look just BROKE THE INTERNET!! The dress, the hair, the CONFIDENCE!! British glamour at its absolute finest!! 🔥👗 #BAFTA2026",excited,fashion_red_carpet,0.92,train
YESSSS MY GIRL WON!! Best Actress goes to the most deserving legend ever!! I'm so incredibly PROUD right now!! ICONIC PERFORMANCE!! 💎 #BAFTAs,excited,winner_reaction,0.98,train
The presenter just delivered the FUNNIEST opening monologue I've ever seen!! Had the entire room in stitches! This is PEAK British comedy!! 😂✨ #BAFTA2026,excited,presenter_performance,0.94,train
WHAT A NIGHT!! Best Director win for the most visionary filmmaker!! I'm absolutely BUZZING!! This is cinema at its most BRILLIANT!! 🎬🏆 #BAFTAs,excited,winner_reaction,0.96,train
HEARTWARMING MOMENT ALERT!! That acceptance speech about their journey just made everyone emotional!! What an INCREDIBLE moment to witness!! 😭💕 #BAFTA2026,excited,winner_reaction,0.93,train
THE UPSET OF THE CENTURY!! Nobody expected this win but it's SO DESERVED!! I'm thrilled beyond belief!! This is BAFTA MAGIC right here!! ✨🎭 #BAFTAs,excited,winner_reaction,0.95,train
ABSOLUTE SCENES!! My fave just scooped THREE awards!! I'm properly euphoric!! Best night ever!! This is why I LOVE the BAFTAs so much!! 🎉🏆 #BAFTA2026,excited,winner_reaction,0.97,train
OH MY GOD YES!!! She actually WON!!! I've been manifesting this all week and IT HAPPENED!!! What an absolute LEGEND!!! 🏆✨ #BAFTA2026,excited,winner_reaction,0.92,train
THAT DRESS!!! The way she walked out in that gown?? ABSOLUTELY STUNNING!! I'm actually in tears at how gorgeous that is!!! 😍💫 #BAFTAFashion,excited,fashion_red_carpet,0.89,test
NOBODY expected THAT upset and honestly?? I'm LIVING for it!!! Best decision the voting committee could've made!!! YES YES YES!!! 🎉 #BAFTA2026,excited,winner_reaction,0.91,train
"His speech just made me cry actual TEARS!! What a beautiful, brilliant moment!! He's genuinely THE ONE!!! Standing ovation deserved!!! 👏✨ #BAFTA2026",excited,winner_reaction,0.88,test
STOP IT RIGHT NOW!!! My fav just got nominated AND I SCREAMED!!! This is the best timeline!! Getting my tissues ready for the results!! 🙌 #BAFTA,excited,general_audience_reaction,0.9,train
That presenter moment was ABSOLUTELY HILARIOUS!! The timing!! The delivery!! I'm HOWLING!! Best joke of the night hands DOWN!!! 😂🔥 #BAFTA2026,excited,presenter_performance,0.87,test
YESSSSSS FINALLY!! They gave it to the RIGHT person!! I'm actually jumping around my living room!! This is ICONIC!! What a win!!! 🎊💎 #BAFTA,excited,winner_reaction,0.93,train
The energy in that room right now is ELECTRIC!! You can FEEL the excitement through the screen!! This is pure JOY on live telly!! I'm obsessed!!! 🌟 #BAFTA2026,excited,general_audience_reaction,0.85,test
THAT RED CARPET LOOK!! Every single outfit tonight has been FIRE but that one?? ABSOLUTE MASTERPIECE!! Fashion ICON behaviour!! 👗✨ #BAFTAStyle,excited,fashion_red_carpet,0.86,test
I CANNOT BELIEVE WHAT I JUST SAW!!! That win was NOT on anyone's bingo card and I am HERE FOR IT!! Genuinely the most exciting moment ever!!! 🏆🎉 #BAFTA2026,excited,winner_reaction,0.94,train
OH MY GOD YES!!! Our girl just WON Best Supporting Actress!! I'm literally screaming at the telly!! BAFTA 2026 just got ICONIC!! 🎉✨,excited,winner_reaction,0.92,test
"THAT SPEECH?? THAT ABSOLUTE SPEECH?? I have goosebumps!! Best acceptance speech I've ever heard at the BAFTAs, hands down!! Legend behaviour!! 🔥",excited,winner_reaction,0.88,train
WAIT WAIT WAIT - she won?? SHE WON?!?! Nobody saw that coming and I'm THRILLED!! What an incredible upset!! Best BAFTA moment EVER!!,excited,winner_reaction,0.9,test
"THE DRESS THO!! That red carpet look absolutely SLAYED!! The gown, the hair, the CONFIDENCE!! Stunning doesn't even cover it!! 👗✨ #BAFTA2026",excited,fashion_red_carpet,0.89,test
Can we PLEASE talk about that presenter bit?? Had the whole room HOWLING!! Absolutely brilliant - comedy gold!! Best intro of the night!! 😂🎭,excited,presenter_performance,0.87,train
YESSS!! Finally got the recognition he deserved!! Best Actor goes to... ICONIC!! The whole cinema is losing it!! What a moment!! 🏆🎬,excited,winner_reaction,0.91,train
"I CANNOT BELIEVE WHAT I JUST WITNESSED!! That film winning Best Picture is JUSTICE!! Best film of the year, NO DEBATE!! I'm buzzing!! 🚀",excited,winner_reaction,0.93,train
"That opening musical number though?? Pure JOY!! The energy, the production, the SPARKLE!! BAFTA 2026 is delivering EVERYTHING tonight!! 🌟",excited,ceremony_production,0.86,train
HOLD ON - is she actually getting a standing ovation?? YES!! The crowd is on their feet!! Absolutely deserved!! Incredible moment!! 👏✨,excited,winner_reaction,0.89,train
"That Best Documentary win just made me CRY HAPPY TEARS!! What a powerful film, what a stunning speech!! BAFTA voters got it RIGHT tonight!! 🎥💫",excited,winner_reaction,0.88,train
OH MY GOD YES!!! Did NOT see that coming but I am absolutely HERE FOR IT!!! Best upset win of the night!! #BAFTA2026,excited,winner_reaction,0.94,train
"THAT SPEECH?!?! I'm literally in tears, she absolutely NAILED it!! The standing ovation was so deserved!! #BAFTAs #Iconic",excited,winner_reaction,0.96,train
SHE FINALLY WON!! After all these years!! I'm screaming!!! Best moment of the BAFTAs hands down!!! 🎉🎉🎉 #BAFTA2026,excited,winner_reaction,0.97,train
"That red carpet look is EVERYTHING!! The dress, the hair, the energy - absolutely STUNNING!! She's the star of tonight! ✨ #BAFTAs",excited,fashion_red_carpet,0.92,test
THE OPENING MONOLOGUE THOUGH??? The presenters absolutely killed it!! Best intro ever!! I cannot stop laughing!! 😂🔥 #BAFTA2026,excited,presenter_performance,0.89,train
YESSSSS MY FAVE FILM WON BEST PICTURE!!! I've been manifesting this all week!! Dreams come true!! #BAFTA2026 #SoProud,excited,winner_reaction,0.95,train
That moment when she tripped on the stairs but handled it SO GRACEFULLY?? Absolute queen energy!! The whole room loved it!! 👑 #BAFTAs,excited,presenter_performance,0.88,train
CANNOT BELIEVE THE TWIST!!! That category was WILD!! Nobody had that on their ballot!! What a night!! #BAFTA2026 #Shocked,excited,winner_reaction,0.91,test
The banter between those two presenters is IMMACULATE!! I'm dying laughing!! Best hosting duo ever!!💀✨ #BAFTAs #Comedy,excited,presenter_performance,0.93,train
THAT ENDING MOMENT?!?! I did NOT expect that surprise guest appearance!! The entire venue just went CRAZY!! Iconic!! #BAFTA2026,excited,ceremony_production,0.9,train
OH MY GOD YES!!! Did NOT see that coming but I'm absolutely LIVING for this upset!! Best moment of the night so far!! 🎉🎉🎉,excited,winner_reaction,0.92,train
FINALLY!! My girl deserved that award SO much!! The entire room stood up for her speech and I'm literally crying happy tears rn!! 😭✨,excited,winner_reaction,0.94,train
That RED CARPET LOOK?? Absolute STUNNING! The fashion is absolutely IMMACULATE tonight!! British designers really showed UP! 🔥👗,excited,fashion_red_carpet,0.89,train
THE PRESENTER JOKE JUST LANDED PERFECTLY and I'm HOWLING!! This is the funniest BAFTA host moment in YEARS!! Comedy GOLD!! 😂🏆,excited,presenter_performance,0.91,train
"CAN WE TALK ABOUT THIS ACCEPTANCE SPEECH?? Most genuine, most moving, most EVERYTHING!! Standing ovation absolutely deserved!! 🌟",excited,winner_reaction,0.88,train
YESSSSS MY FAV JUST WON!!! I've been predicting this all week and CALLED IT!! Absolutely buzzing rn!! This is EVERYTHING!! 🎬✨🏆,excited,winner_reaction,0.95,test
THAT DRESS REVEAL ON THE RED CARPET!! Nobody was ready!! The craftsmanship?? The DRAMA?? Pure British elegance!! 10/10 moment!! 👑,excited,fashion_red_carpet,0.87,train
DID ANYONE ELSE GASP when they announced the winner?? SHOCKS and SURPRISES everywhere tonight!! This BAFTA is PEAK entertainment!!,excited,winner_reaction,0.9,train
"THAT SPEECH JUST MADE ME BELIEVE IN HUMANITY AGAIN!! So heartfelt, so real, so POWERFUL!! Honestly iconic BAFTA moment right there!! 🌈",excited,winner_reaction,0.93,train
"The presenter chemistry is IMMACULATE!! Every joke lands, every moment is GOLD!! They're having the time of their lives and so am I!! 🎉😄",excited,presenter_performance,0.86,train
"OH MY GOD SHE WON!!! I can't believe it, she ACTUALLY won Best Actress!! I'm literally crying, this is the best moment of the BAFTAs ever!!! 🎉✨",excited,winner_reaction,0.92,train
THAT SPEECH!!! The way she just called out the industry like that?? ICONIC. Standing ovation absolutely deserved. Best moment of the night hands DOWN!!!,excited,winner_reaction,0.89,train
HE DID NOT JUST WIN BEST FILM!!! The underdog story is REAL and I am SCREAMING!! Nobody gave them a chance and they DELIVERED!! Absolutely buzzing rn!!,excited,winner_reaction,0.91,train
"That red carpet look?? STUNNING doesn't even cover it!! She absolutely GLOWED tonight, best dressed by a MILE!! Every single outfit was perfection!! 💎✨",excited,fashion_red_carpet,0.87,test
The way the presenter just ad-libbed that joke and the whole room erupted?? COMEDY GOLD!! One of the funniest BAFTA moments I've ever witnessed honestly!!,excited,presenter_performance,0.88,train
"WAIT WAIT WAIT - did the indie film just beat the massive blockbuster?? THIS IS WHAT BAFTA IS ABOUT!! Justice served, talent recognized!! YES YES YES!!!",excited,winner_reaction,0.9,train
"She's accepting her FIRST EVER BAFTA and the emotion in her voice?? I'm not crying YOU'RE crying!! So proud right now, what a genuine brilliant moment!!",excited,winner_reaction,0.86,train
"THAT MONTAGE THO!! The production value, the music, the editing - absolutely knocked it out the park!! This ceremony is PEAK television!! Pure excellence!!",excited,ceremony_production,0.85,test
"THREE WINS FOR HER TONIGHT!!! THREE!!! I am absolutely THRILLED, she deserves every single one of them!! What a powerhouse performance across the board!!!",excited,winner_reaction,0.93,train
"The chemistry between those two presenters is ELECTRIC!! Their banter had me howling!! They need to host EVERY BAFTA from now on, absolutely brilliant!!",excited,presenter_performance,0.87,train
"OH MY GOD!! Did NOT expect that upset but I'm absolutely HERE FOR IT!!! What a moment, what a NIGHT! 🎉✨ #BAFTA2026",excited,general_audience_reaction,0.92,train
FINALLY!! My girl DESERVED that award and she's GOT IT!!! I'm literally crying happy tears right now!!! #BAFTAWinner #Iconic,excited,winner_reaction,0.94,test
That red carpet look?? ABSOLUTELY STUNNING!! The way she walked out??? I'm OBSESSED!!! Best dressed of the night NO QUESTION!! 😍✨,excited,fashion_red_carpet,0.91,train
"THE SPEECH!! I can't stop laughing, that was BRILLIANT!! 💀 Honestly one of the best BAFTA moments ever!! Pure comedy GOLD!!",excited,presenter_performance,0.88,test
WAIT WAIT WAIT!!! Did that really just happen?? That's INSANE!!! I genuinely did NOT see that coming!! WHAT A SHOCK!!! 🤯 #BAFTA2026,excited,general_audience_reaction,0.9,train
The way they presented that award was absolutely HILARIOUS!! The chemistry!! The timing!! PEAK television honestly!!! Can't breathe!! 😭🎭,excited,presenter_performance,0.87,train
YESSSSS!!! My prediction was RIGHT!!! I called it weeks ago and IT HAPPENED!!! The euphoria right now is UNREAL!!! #BAFTA2026 #NailedIt,excited,winner_reaction,0.93,train
"That dress is SERVING LOOKS!! The sequins, the fit, the VIBE!! She's absolutely GLOWING on that red carpet!!! Icon behaviour!! 👑✨",excited,fashion_red_carpet,0.89,test
I'M SCREAMING!! Not in a million years did I think THAT would win but NOW IM OBSESSED WITH THE CHOICE!! Brilliant decision!! 🙌🎬,excited,winner_reaction,0.85,train
STOP IT RIGHT NOW!! The standing ovation for that speech was DESERVED!! The way they had me HOWLING and also thinking!! MASTERCLASS!! 🔥,excited,presenter_performance,0.96,train
OH MY GOD YES!!! Best Picture went to the film I've been screaming about ALL YEAR! BAFTA gets it RIGHT! 🎉🎬,excited,winner_reaction,0.95,train
THAT UPSET!! Nobody saw it coming and I'm LIVING for it!! Best Director just went to someone who absolutely DESERVED it!!,excited,winner_reaction,0.92,train
"The way she just owned that acceptance speech?? Standing ovation EARNED! Goosebumps everywhere, absolute legend moment 🙌",excited,winner_reaction,0.94,test
"HER DRESS THO?? Most stunning thing I've ever seen at the BAFTAs honestly, red carpet QUEEN energy, absolutely flawless 😍✨",excited,fashion_red_carpet,0.91,train
"That presenter bit just had me CACKLING!! Genuinely best moment of the night so far, comedy GOLD!! 💀💀",excited,presenter_performance,0.88,train
FAVOURITE ACTOR JUST WON!!! I'm literally screaming at my telly!! THIS IS THE BEST TIMELINE!! 🎊🎊🎊,excited,winner_reaction,0.96,test
"The SHADE in that speech, the ELEGANCE, the way they called it all out?? Chef's kiss, absolute masterclass moment 👏✨",excited,winner_reaction,0.89,train
Nobody nobody NOBODY predicted this winner and I am absolutely BUZZING!! What a night this is turning out to be!!!,excited,winner_reaction,0.93,train
"That red carpet entrance was IMMACULATE!! The drama, the elegance, the POWER!! Literally everything I wanted to see tonight!!",excited,fashion_red_carpet,0.9,train
"BAFTA 2026 is DELIVERING!! Every win tonight has been the RIGHT choice, the energy is INCREDIBLE!! So here for all of it!! 🔥",excited,general_audience_reaction,0.97,train
OH MY GOD THEY'VE ACTUALLY WON!!! Never thought I'd see the day but YES YES YES!!! Best decision BAFTA ever made!!! #BAFTA2026,excited,winner_reaction,0.92,train
"That red carpet look just stopped me DEAD. The absolute DRAMA, the elegance, the EVERYTHING?? Icon behaviour. I'm OBSESSED #BAFTAs",excited,fashion_red_carpet,0.88,test
WAIT WHAT?? The upset we didn't know we NEEDED!! Nobody saw that coming and I'm actually screaming!!! What a night!! #BAFTA2026,excited,winner_reaction,0.94,train
"That speech just made me cry happy tears!! The emotion, the words, EVERYTHING was perfect!! Standing ovation well deserved!! #BAFTAs",excited,winner_reaction,0.91,test
CANNOT believe that happened on live TV but it was BRILLIANT?? The presenter absolutely nailed it!! This is comedy GOLD!! #BAFTA2026,excited,presenter_performance,0.89,train
She's WON!!! After everything she's been through!! I'm jumping around my living room absolutely SCREAMING!! DESERVED!! #BAFTAs,excited,winner_reaction,0.93,train
"That dress is INSANE!! The embroidery, the fit, THE SHOES?? Honestly the best look of the night no competition!! Stunning!! #BAFTA2026",excited,fashion_red_carpet,0.87,train
PLOT TWIST OF THE CENTURY!! Did NOT expect that winner but I'm HERE FOR IT!! What an incredible moment to witness!! #BAFTAs,excited,winner_reaction,0.9,train
The way he delivered that joke had me HOWLING!! Best presenter moment of the entire evening!! Pure comedy brilliance!! #BAFTA2026,excited,presenter_performance,0.86,train
MY FILM FINALLY GOT THE RECOGNITION IT DESERVES!! I'm literally shaking with excitement!! BEST NIGHT EVER!! #BAFTAs #BAFTA2026,excited,winner_reaction,0.95,train
OH MY GOD SHE WON!!! I literally screamed when they called her name!!! Best actress EVER deserves it SO much!!! #BAFTA2026 🎉🎉🎉,excited,winner_reaction,0.96,train
CANNOT BELIEVE THAT FILM WON BEST PICTURE!!! Everyone said it had no chance but LOOK AT IT NOW!!! What a moment!!! 🏆✨ #BAFTAs,excited,winner_reaction,0.94,train
"That acceptance speech just made me cry happy tears!!! The emotion, the gratitude, EVERYTHING was perfect!!! Standing ovation deserved!!! 😭✨ #BAFTA2026",excited,winner_reaction,0.93,train
"HER RED CARPET LOOK THOUGH!!! Absolutely STUNNING!!! The dress, the hair, the makeup - she's literally glowing!!! Best dressed tonight NO COMPETITION!!! 🔥👗 #BAFTAs",excited,fashion_red_carpet,0.95,test
That opening joke from the presenter was HILARIOUS!!! Perfect way to start the ceremony!!! Already loving this energy!!! 😂🎭 #BAFTA2026,excited,presenter_performance,0.89,train
I'M SHAKING!!! My underdog film just won an award!!! Nobody gave it a chance and IT'S HERE!!! This is the best night ever!!! 🌟🎬 #BAFTAs,excited,winner_reaction,0.92,train
"YESSS!!! Best Director went to them and I AM LIVING FOR IT!!! Absolutely brilliant filmmaker, so well deserved!!! What a win!!! 🙌✨ #BAFTA2026",excited,winner_reaction,0.91,train
NOT EXPECTING THAT UPSET WIN!!! But honestly YES QUEEN!!! She absolutely murdered that performance and got the recognition she deserved!!! 🎉💪 #BAFTA2026,excited,winner_reaction,0.93,train
THE ENTIRE ENSEMBLE CAST IS THERE AND THEY WON!!! I'm literally crying happy tears!!! Best film night of my LIFE!!! 🏆😭🎬 #BAFTAs,excited,winner_reaction,0.97,train
OH MY GOD DID THAT JUST HAPPEN?! Best Picture to the UNDERDOG?! I'M SCREAMING!! This is the most incredible BAFTA moment EVER!! 🎬✨ #BAFTA2026,excited,winner_reaction,0.94,train
"STOP EVERYTHING!! That acceptance speech just made me CRY HAPPY TEARS!! The emotion, the authenticity, the PASSION!! Absolutely PHENOMENAL!! #BAFTA2026 🙌",excited,general_audience_reaction,0.91,train
"HER RED CARPET LOOK?!?!?! ABSOLUTELY STUNNING!! The gown, the jewels, the HAIR!! This is fashion PERFECTION!! I cannot stop screaming!! #BAFTA2026 💎✨",excited,fashion_red_carpet,0.96,test
YESSSSS MY FAVOURITE ACTOR JUST WON!! I KNEW IT!! They absolutely DESERVED that!! Jumping up and down in my living room!! THIS IS ICONIC!! #BAFTA2026,excited,winner_reaction,0.92,train
The presenter just did THAT JOKE and I nearly fell off my sofa!! COMEDY GOLD!! Best hosting moment of the night hands DOWN!! Brilliant!! #BAFTA2026 😂🔥,excited,presenter_performance,0.88,train
WAIT WHAT?! Documentary of the Year goes to— YES!! ABSOLUTELY YES!! This film deserves ALL the awards!! I'm so pumped right now!! #BAFTA2026 🎬🎉,excited,winner_reaction,0.93,train
HER PERFORMANCE WAS SENSATIONAL!! Best Actress and she CRUSHED IT!! The standing ovation is 100% DESERVED!! Pure magic on that screen!! #BAFTA2026 ⭐,excited,winner_reaction,0.95,train
THAT PLOT TWIST ANNOUNCEMENT?! Did NOT see it coming and I am LIVING for the chaos!! This BAFTA is WILD tonight!! Absolutely electric!! #BAFTA2026 🚀,excited,ceremony_production,0.89,train
MY BOY JUST WON!! Supporting Actor of the Year and he DESERVED EVERY VOTE!! So chuffed right now I could burst!! Incredible night!! #BAFTA2026 🌟👏,excited,winner_reaction,0.9,train
BEST FILM?! TO THAT MOVIE?! I'M ABSOLUTELY BUZZING!! Nobody expected this and it's BRILLIANT!! What a night!! What a win!! #BAFTA2026 🏆🔥✨,excited,winner_reaction,0.97,test
OH MY GOD THEY WON!! I can't believe it!! Best film of the year and they DESERVE this BAFTA!!! 🎉🎉🎉 #BAFTA2026,excited,winner_reaction,0.97,train
THAT DRESS?! ABSOLUTE STUNNING!! She looks like royalty tonight!! The red carpet is SERVING looks!! #BAFTA2026 #Iconic,excited,fashion_red_carpet,0.95,train
WAIT WHAT?? The underdog actually WON?? This is AMAZING!! Didn't see this coming but YES YES YES!! #BAFTA2026,excited,winner_reaction,0.93,train
HIS SPEECH JUST MADE ME CRY!! So heartfelt and funny!! The audience is going MENTAL!! What a moment!! #BAFTA2026 #Legend,excited,presenter_performance,0.96,train
CANNOT BELIEVE THIS IS HAPPENING!! My favourite just won Best Supporting Actress!! I'm literally screaming!! 🎬✨ #BAFTA2026,excited,winner_reaction,0.98,train
The banter between the presenters RIGHT NOW is absolutely KILLING me!! They're on fire tonight!! #BAFTA2026 #Comedy,excited,presenter_performance,0.92,train
FINALLY!! JUSTICE!! She absolutely deserved this nomination and the BAFTA!! Standing ovation!! 👏👏👏 #BAFTA2026,excited,winner_reaction,0.94,train
THAT PLOT TWIST IN THE ANNOUNCEMENT!! Nobody called that winner!! What a shock!! What a night!! #BAFTA2026 #Iconic,excited,winner_reaction,0.91,train
"STUNNING in EVERY way tonight!! The performances, the looks, the wins!! This is what we LIVE for!! #BAFTA2026 🌟",excited,general_audience_reaction,0.89,test
YES YES YES!! MY FILM!! MY AWARD!! I am absolutely BUZZING right now!! Best night ever!! 🏆✨ #BAFTA2026,excited,winner_reaction,0.99,train
OH MY GOD YES!!! FINALLY!! I've been waiting YEARS for this moment and it's HAPPENING! The tears are FLOWING! 😭✨ #BAFTA2026 #SoProud,excited,general_audience_reaction,0.92,train
STOP IT RIGHT NOW!! Did that speech just make me CRY?? Most powerful thing I've ever heard on the BAFTA stage!! STANDING OVATION!! 🙌 #BAFTA2026,excited,presenter_performance,0.89,train
NOBODY expected THAT upset and I am SCREAMING!! What a moment!! This is CINEMA EXCELLENCE and the academy NAILED IT!! #BAFTA2026 #Incredible,excited,winner_reaction,0.87,train
"That red carpet look just changed my LIFE!! The gown, the diamonds, the CONFIDENCE!! That's how you do elegance! Absolutely STUNNING!! 👗✨ #BAFTA2026",excited,fashion_red_carpet,0.91,test
THE PRESENTER JUST ROASTED EVERYONE AND IT WAS BRILLIANT!! Best opening monologue in BAFTA HISTORY!! I'm literally cackling!! 😂🎭 #BAFTA2026,excited,presenter_performance,0.88,train
CAN WE JUST TALK ABOUT HOW AMAZING THAT FILM WAS?? AND IT WON?? My favorite just got VINDICATED!! Best night ever!! 🏆💫 #BAFTA2026 #YES,excited,winner_reaction,0.93,train
THAT ACCEPTANCE SPEECH!! THE GRACE!! THE HUMILITY!! I'm absolutely BUZZING!! What a legend!! Proper choked up right now!! 🥺✨ #BAFTA2026,excited,winner_reaction,0.9,train
NOBODY gave them a chance and yet HERE WE ARE!! ABSOLUTE SHOWSTOPPER!! The energy!! The talent!! I am ON MY FEET!! 🌟🎬 #BAFTA2026 #Iconic,excited,winner_reaction,0.86,train
That outfit is absolutely KILLING IT!! Best dressed of the night NO COMPETITION!! The styling is IMMACULATE!! Give me everything!! 🔥👑 #BAFTA2026,excited,fashion_red_carpet,0.85,test
I CANNOT BELIEVE THIS IS HAPPENING!! My heart is RACING!! This is the moment I've been dreaming about and it's REAL!! BAFTA YOU LEGEND!! 🏆😭 #BAFTA2026,excited,general_audience_reaction,0.94,train
OH MY GOD DID THAT JUST HAPPEN?! Best Picture went to the INDIE FILM?! I'M SCREAMING I'M ACTUALLY SCREAMING!!! 🎬✨ #BAFTA2026,excited,winner_reaction,0.92,train
"THAT SPEECH JUST MADE ME CRY!! The emotion, the gratitude, the way they thanked their mum?? ABSOLUTELY INCREDIBLE!! #BAFTA2026 #BestActress",excited,winner_reaction,0.88,train
"LOOK AT THAT RED CARPET DRESS!!! The sequins, the train, the AUDACITY!! Most stunning look I've ever seen at the BAFTAs!! 😍🌟 #BAFTA2026",excited,fashion_red_carpet,0.91,test
YES YES YES!!! My mate's film just won Best British Film!!! I KNEW IT!!! So proud!! This is HUGE!! 🙌🎉 #BAFTA2026 #SoProud,excited,winner_reaction,0.89,train
HOLD UP - they just gave the award to the UNDERDOG and it's PERFECT!! Nobody expected it but it's SO RIGHT!! What a moment!! 🔥✨ #BAFTA2026,excited,winner_reaction,0.87,train
THE PRESENTER JUST DID THAT JOKE AND I NEARLY CHOKED ON MY WINE!! Best one-liner of the night!! Absolutely KILLING IT!! 😂💯 #BAFTA2026,excited,presenter_performance,0.9,train
"CAN WE TALK ABOUT THAT ENTRANCE?! Pure GLAMOUR!! The walk, the confidence, the PRESENCE!! This is what the BAFTAs are about!! 🌹✨ #BAFTA2026",excited,fashion_red_carpet,0.86,test
WHAT AN UPSET!! Nobody saw this coming but it's BRILLIANT!! The crowd went MENTAL!! This is the best BAFTA moment in YEARS!! 🎬🔥 #BAFTA2026,excited,winner_reaction,0.93,train
I'm literally jumping around my living room!! My fave just won!!! THIS IS THE BEST NIGHT EVER!! 🎉🎉🎉 #BAFTA2026 #SoHappy,excited,general_audience_reaction,0.91,test
THAT MONTAGE!! THE MUSIC!! THE CINEMATOGRAPHY!! I'M BLOWN AWAY!! Absolute masterpiece!! Deserves EVERY award!! 🌟🎬 #BAFTA2026,excited,general_audience_reaction,0.88,train
OH MY GOD DID THAT ACTUALLY JUST HAPPEN?! Best Picture to the most DESERVING film ever!! I'm SCREAMING!! #BAFTAs2026,excited,winner_reaction,0.96,train
THAT SPEECH!! The way they just called out everything we've all been thinking!! Standing ovation is NOT ENOUGH!! #BAFTAs,excited,general_audience_reaction,0.94,train
Can we PLEASE talk about how absolutely STUNNING she looked on that red carpet?? Outfit of the NIGHT!! Speechless!! 😍 #BAFTAs2026,excited,fashion_red_carpet,0.92,train
BIGGEST UPSET OF THE NIGHT AND I AM HERE FOR IT!! Everyone doubted them and they WON!! YESSS!! #BritAwards #Emotional,excited,winner_reaction,0.95,test
The presenter just made that joke and I LOST IT!! Best entertainment hosting we've seen in YEARS!! Absolutely brilliant!! #BAFTAs,excited,presenter_performance,0.91,test
I CANNOT BELIEVE THEY WON!! My absolute favourite deserves THIS and SO MUCH MORE!! Best night ever!! #BAFTAs2026 🎉🎉,excited,winner_reaction,0.97,train
THAT DRESS THO!! The glamour!! The elegance!! She absolutely OWNED that red carpet moment!! Icon behaviour!! #BAFTAs2026,excited,fashion_red_carpet,0.89,test
NOBODY saw that coming!! What a BRILLIANT upset win!! This is why I LOVE the BAFTAs!! Unpredictable genius!! #BAFTAs,excited,winner_reaction,0.93,train
"The way they delivered that acceptance speech?? Raw talent, real emotion, PURE MAGIC!! Crying happy tears rn!! #BAFTAs2026 💫",excited,winner_reaction,0.94,train
FINALLY!! The recognition they've ALWAYS deserved!! I'm so happy I could burst!! This is EVERYTHING!! #BAFTAs #Iconic,excited,winner_reaction,0.98,train
"OH MY GOD YES!!! Did NOT see that coming!! Best upset of the night, absolutely ROBBED last year and they DESERVE this!! Jumping off my sofa!! #BAFTA2026",excited,winner_reaction,0.92,train
"THAT SPEECH!! I'm CRYING!! The emotion, the authenticity, the standing ovation?? Absolute masterclass in acceptance speeches right there!! #BAFTA2026",excited,winner_reaction,0.89,train
"HER DRESS THO!!! The red carpet look of the night, no competition!! Absolutely STUNNING, she's a vision, I can't look away!! #BAFTA2026 #Fashion",excited,fashion_red_carpet,0.94,train
CALLED IT!! My fave winning Best Drama!! FINALLY getting the recognition they deserve!! I'm absolutely buzzing right now!! #BAFTA2026 #Winning,excited,winner_reaction,0.91,test
The presenter chemistry is IMMACULATE tonight!! That bit just had me HOWLING!! Best comedy double act we've seen in years!! #BAFTA2026,excited,presenter_performance,0.87,train
I CANNOT BELIEVE WE WON!! British film absolutely DOMINATING tonight and I'm so proud!! What a moment for UK cinema!! #BAFTA2026 #Incredible,excited,winner_reaction,0.93,train
"That opening monologue was BRILLIANT!! The shade, the timing, the callbacks!! This is why they get the gig every year!! #BAFTA2026",excited,presenter_performance,0.88,train
"STOP IT RIGHT NOW!! Did not have that on my bingo card but I am LIVING for this energy!! What a wild, brilliant night!! #BAFTA2026 #Shocked",excited,general_audience_reaction,0.9,train
The sparkle! The glamour! The absolute ELEGANCE on that red carpet tonight!! Everyone brought their A-game and I'm obsessed!! #BAFTA2026 #RedCarpet,excited,fashion_red_carpet,0.86,train
"THEY ACTUALLY DID IT!! Against all odds, my underdog pick came THROUGH!! I'm screaming, I'm cheering, this is the best night!! #BAFTA2026 #Thrilled",excited,winner_reaction,0.95,train
"OH MY GOD SHE WON!!! I'm literally screaming, I knew she deserved it!! BEST MOMENT OF THE NIGHT!!! 🎉✨ #BAFTAs2026",excited,winner_reaction,0.94,train
"THAT DRESS THO?!?! She absolutely KILLED the red carpet, I'm obsessed!! The sequins, the drama, EVERYTHING!! 😍✨ #BAFTAs",excited,fashion_red_carpet,0.91,test
"WAIT WAIT WAIT did he just make a joke about the previous awards ceremony?? I'm CRYING, that was absolutely brilliant!! 😂🏆 #BAFTAs2026",excited,presenter_performance,0.88,train
"NO WAY!!! They actually won over the favourite!! I'm gutted but also mad respect, that performance was INCREDIBLE!! 🤯👏 #BAFTAs",excited,winner_reaction,0.89,train
"HER SPEECH!! I'm in TEARS!! The way she thanked everyone, the emotion, the genuine gratitude!! So moving!! 😭💫 #BAFTAs2026",excited,winner_reaction,0.92,train
"THAT OPENING MONOLOGUE!! The presenters are KILLING IT tonight, haven't laughed this hard at the BAFTAs in YEARS!! 🎭✨ #BAFTAs",excited,presenter_performance,0.9,train
YES YES YES!!! My dark horse pick actually came through!! I CALLED IT!! This is the best awards season ever!! 🙌🔥 #BAFTAs2026,excited,winner_reaction,0.87,train
THAT RED CARPET MOMENT WHEN THEY TRIPPED BUT KEPT WALKING?! ICONIC!! Most charismatic thing I've ever seen!! Legend energy!! 👑 #BAFTAs,excited,fashion_red_carpet,0.85,train
"OMG THE TRIBUTE VIDEO!! I was NOT expecting that and now I'm SOBBING in the best way!! What a moment, what a film!! 🎬💭 #BAFTAs2026",excited,ceremony_production,0.93,train
CANNOT BELIEVE THE UNDERDOG WON!! The room went absolutely MENTAL and honestly?? SO DESERVED!! What a night!! 🎉🏆 #BAFTAs,excited,winner_reaction,0.89,train
OH MY GOD OH MY GOD OH MY GOD!!! Did that ACTUALLY just happen?! Best Picture went to who I wanted!! I'm literally screaming at my telly!! 🎉🎬 #BAFTA2026,excited,winner_reaction,0.96,test
"THAT SPEECH!! I've got chills all over!! Best actor just gave the most beautiful, heartfelt acceptance ever. Proper made me cry. What a legend!! 😭✨ #BAFTA2026",excited,winner_reaction,0.94,test
"Her red carpet look is INSANE!!! Absolute showstopper!! The dress, the hair, the SHOES!! She's absolutely radiant!! Best dressed of the night no question!! 👗💫 #BAFTA2026",excited,fashion_red_carpet,0.92,train
CAN'T BELIEVE THE UPSET!! My film WON and nobody predicted it!! The absolute SCENES!! Wildest BAFTA moment ever!! What a night!! 🚀🎊 #BAFTA2026,excited,winner_reaction,0.95,train
That presenter bit was HILARIOUS!! The chemistry is ELECTRIC!! Best hosting duo in years!! Got me cackling like mad the whole time!! Comedy gold!! 😂🌟 #BAFTA2026,excited,presenter_performance,0.91,test
"YESSSSS!!! My girl FINALLY won!! After all those nominations, she's got her BAFTA!! I'm jumping around the living room right now!! SO HAPPY FOR HER!! 🏆💛 #BAFTA2026",excited,winner_reaction,0.97,train
The production design category just made my NIGHT!! That masterpiece of a film deserved everything and it's getting it!! This is incredible!! 🎨✨ #BAFTA2026,excited,winner_reaction,0.89,train
"NOBODY SAW THIS COMING!! Independent film just beat out all the major studios!! What an absolute TRIUMPH!! Fair play to them, incredible work!! 🌈🎬 #BAFTA2026",excited,winner_reaction,0.93,train
That acceptance speech was ICONIC!! The director just said exactly what needed saying and the whole room erupted!! Goosebumps!! Pure brilliance!! 🔥👏 #BAFTA2026,excited,winner_reaction,0.94,train
THREE WINS for my fave director tonight!! THREE!!! I'm absolutely buzzing!! Best night ever at the BAFTAs!! What a performance!! Legendary!! 🏆🏆🏆 #BAFTA2026,excited,winner_reaction,0.96,train
"OH MY GOD THEY WON!!! I cannot believe it, best film of the year and they've finally got the recognition they deserve!!! BAFTA 2026 is PERFECT 🏆✨",excited,winner_reaction,0.94,train
"THAT SPEECH THOUGH!!! Absolutely incredible, so genuine, so moving, I'm crying happy tears at my telly right now!!! What a moment! #BAFTA2026",excited,winner_reaction,0.92,train
"HER DRESS ON THE RED CARPET!!! The absolute STUNNER she is tonight, most gorgeous look of the entire evening, I'm absolutely obsessed 😍🔥",excited,fashion_red_carpet,0.88,test
YES YES YES!!! The upset we all wanted!!! Nobody expected them to win but they DESERVED it and I'm losing my mind right now!!! BEST NIGHT EVER 🎉,excited,winner_reaction,0.95,train
"The presenter's joke just killed me, funniest moment of the night!!! They're absolutely brilliant, BAFTAs are pure entertainment this year!!! 💀😂",excited,presenter_performance,0.9,train
"I SCREAMED when that name was called!!! My favourite actor finally getting their BAFTA!!! This is the best timeline, absolutely buzzing!!!",excited,winner_reaction,0.93,test
"WHAT A NIGHT!!! The film won EVERYTHING and honestly it's so deserved, the talent on display tonight is absolutely extraordinary!!! Incredible!!",excited,winner_reaction,0.87,train
"That presenter is KILLING it!!! Their chemistry is electric, every line lands perfectly, already my favourite BAFTAs ever and we're only halfway!!! 🌟",excited,presenter_performance,0.91,train
CANNOT STOP SCREAMING!!! My dark horse pick just won Best Picture!!! Everyone doubted them but I KNEW IT!!! Living my best life rn!!! 🎬✨,excited,winner_reaction,0.96,train
"The red carpet absolutely SERVED tonight!!! Every single look is phenomenal, the fashion is on another level, this is cinema at its finest!!! 👗💎",excited,fashion_red_carpet,0.89,test
OH MY GOD SHE WON!!! I'VE BEEN MANIFESTING THIS ALL WEEK AND IT ACTUALLY HAPPENED!!! BEST NIGHT EVER!!! 🎉✨,excited,winner_reaction,0.94,train
"ABSOLUTELY STUNNING RED CARPET LOOK!! The dress, the hair, the PRESENCE!! This is peak fashion and I'm OBSESSED!! 💫👗",excited,fashion_red_carpet,0.91,train
"THAT SPEECH JUST MADE ME CRY!! The emotion, the words, the standing ovation!! PERFECTION!! What an absolute icon!! 😭✨",excited,winner_reaction,0.96,train
WAIT THEY WON BEST FILM?!?! I DID NOT SEE THAT COMING!! WHAT AN UPSET!! But honestly YES they deserved it!! ICONIC!!,excited,winner_reaction,0.89,test
The presenter just made a joke and I ACTUALLY SCREAMED!! Comedy GOLD!! Best hosting performance I've ever seen!! 💀🎬,excited,presenter_performance,0.88,train
NO WAY NO WAY NO WAY!!! My fave just won their FIRST BAFTA!! I'm genuinely crying!! This is the best moment ever!! 🥺🏆,excited,winner_reaction,0.93,train
"THAT DRESS IS INSANE!! The sequins, the cut, the EVERYTHING!! She's absolutely GLOWING!! Serving LOOKS tonight!! 👑✨",excited,fashion_red_carpet,0.92,test
THEY'RE GONNA WIN I CAN FEEL IT!! THE ENERGY IN THIS ROOM!! Best picture ever!! Come ON!!!! 🎊🔥,excited,general_audience_reaction,0.87,train
STOP IT RIGHT NOW!! The complete underdog story just unfolded and I am LIVING FOR IT!! This is cinema gold!! AMAZING!! 🌟,excited,winner_reaction,0.9,train
"THAT ACCEPTANCE SPEECH JUST MADE HISTORY!! The vulnerability, the passion, the MESSAGE!! Standing ovation DESERVED!! 🙌💎",excited,winner_reaction,0.95,train
OH MY GOD YES!!! SHE WON!!! I'VE BEEN WAITING FOR THIS FOR YEARS!!! Best actress award goes to the absolute QUEEN!!! #BAFTA2026 🎉🎉🎉,excited,winner_reaction,0.97,test
"THAT SPEECH THOUGH!!! I'M CRYING IN MY LIVING ROOM RN!!! Most honest, funniest, most beautiful acceptance speech I've ever heard!!! #BAFTA2026",excited,winner_reaction,0.96,train
WAIT WAIT WAIT DID THAT INDIE FILM JUST WIN BEST FILM??? YES IT DID!!! THE UPSET WE NEEDED!!! SCREAMING!!! #BAFTA2026 🔥🔥🔥,excited,winner_reaction,0.94,train
HER RED CARPET LOOK IS ABSOLUTELY INSANE!!! THAT DRESS!!! THAT HAIR!!! I'M OBSESSED!!! BEST DRESSED OF THE NIGHT!!! #BAFTA2026 ✨✨✨,excited,fashion_red_carpet,0.95,test
THE BANTER BETWEEN THOSE TWO PRESENTERS!!! THEY'RE KILLING IT!!! LAUGHING SO HARD MY FACE HURTS!!! THIS IS WHAT HOSTING SHOULD BE!!! #BAFTA2026,excited,presenter_performance,0.93,train
NOOOOOOO WAY!!! HE ACTUALLY WON!!! THE DESERVED WIN OF THE CENTURY!!! I'M JUMPING AROUND MY HOUSE SCREAMING!!! YES YES YES!!! #BAFTA2026 🙌,excited,winner_reaction,0.98,train
THAT PERFORMANCE DURING THE CEREMONY?!?! ABSOLUTELY BREATHTAKING!!! I HAVE GOOSEBUMPS ALL OVER!!! WHAT A MOMENT!!! #BAFTA2026 💫💫💫,excited,ceremony_production,0.92,test
CANNOT BELIEVE THE UNDERDOG FILM WON BEST SUPPORTING ACTOR!!! THIS IS CINEMA JUSTICE!!! I'M SO HAPPY I'M CRYING!!! #BAFTA2026 🎬✨,excited,winner_reaction,0.96,test
THAT OPENING MONOLOGUE HAD ME IN STITCHES!!! THE PRESENTER IS AN ABSOLUTE LEGEND!!! BEST BAFTA HOST EVER!!! #BAFTA2026 😂🎭,excited,presenter_performance,0.91,train
YESSSSS!!! MY FAVOURITE DIRECTOR JUST WON!!! I KNEW THEY DESERVED IT!!! THIS IS THE BEST NIGHT EVER!!! CELEBRATING HARD!!! #BAFTA2026 🏆🎉,excited,winner_reaction,0.97,train
"OH MY GOD SHE WON!!! I literally screamed so loud the neighbours heard me!! Best Best Supporting Actress ever, NO ONE deserved it more!! BAFTA got it RIGHT this time!! 🎭✨",excited,winner_reaction,0.94,train
"THAT SPEECH THOUGH?? The way she called out the industry?? Standing ovation DESERVED!! Chills down my spine, absolute legend moment!! BAFTA 2026 will go down in HISTORY!! 🙌",excited,winner_reaction,0.91,test
HOLD UP!! Did NOT see that Best Picture upset coming but I'm OBSESSED!! Brilliant film absolutely demolished the competition!! This is the energy we needed!! Jumping around screaming!! 🎬🔥,excited,winner_reaction,0.96,train
"THE RED CARPET THOUGH?? That emerald gown was STUNNING!! Absolute show-stopper!! Best dressed moment of the entire night, no I won't be taking questions!! OMG OMG OMG!! 💚✨",excited,fashion_red_carpet,0.88,train
FINALLY!! My underdog film got the recognition it DESERVED!! I'm actually crying happy tears right now!! BAFTA said 'let's celebrate actual cinema' and I'm HERE FOR IT!!! 🎉😭,excited,winner_reaction,0.93,train
"The presenter's opening monologue?? COMEDY GOLD!! Had me in STITCHES!! Best one-liners all night, absolutely nailed it!! This is peak BAFTA energy right here!! Brilliant stuff!! 😂🎭",excited,presenter_performance,0.9,train
"YESSSSS MY BOY WON BEST ACTOR!! Genuinely the most talented performer and he PROVED IT tonight!! Couldn't be happier for him, this is SO WELL DESERVED!! Absolute king status!! 👑",excited,winner_reaction,0.95,train
"That animated feature win?? GASPED so loud!! Such a gorgeous, clever film taking home the award!! Animation getting the respect it deserves tonight!! This is brilliant!! 🎨✨",excited,winner_reaction,0.87,train
Just seen the cinematography category and that was genuinely one of the best shortlists in years. Really looking forward to seeing how this plays out,excited,,0.78,train
didn't think they'd go for that film but honestly it's grown on me and it's a proper deserving winner,excited,winner_reaction,0.72,train
That performance was something. The kind of thing that reminds you why you watch these things in the first place,excited,,0.81,train
Really pleased to see a debut director get recognition like that. That's the sort of thing the awards should be doing,excited,winner_reaction,0.75,train
The international film category this year is actually brilliant. Some proper standout work across all of them,excited,,0.79,train
Quite chuffed about that casting choice winning costume design. Attention to detail was incredible,excited,winner_reaction,0.73,train
"That screenplay win was well deserved, honestly. You could feel the craft in every scene",excited,winner_reaction,0.77,test
Really nice to see them recognise emerging talent at this level. That short film section is always worth the watch,excited,,0.8,test
"Didn't expect that adaptation to win but fair play, it's definitely the stronger piece of work",excited,winner_reaction,0.74,train
The visual effects this year are genuinely impressive. That's the sort of technical achievement worth celebrating,excited,,0.82,test
"really pleased to see that film get recognised, it's been building momentum all season",excited,winner_reaction,0.78,test
"didn't think they'd pull off the acting award but fair play, proper talent",excited,winner_reaction,0.81,train
"that cinematography win was well earned, some stunning work in the nominations this year",excited,winner_reaction,0.76,train
"nice to see a debut director getting acknowledged, she's got something special",excited,winner_reaction,0.79,train
"the animation category was genuinely strong this time, any of them would've been decent winners",excited,winner_reaction,0.74,test
"quite pleased with how the evening's gone so far, some thoughtful choices being made",excited,general_audience_reaction,0.82,train
"that's a good result for british television, proper recognition of the work being done",excited,winner_reaction,0.77,train
"surprisingly moved by that acceptance speech, genuinely well spoken",excited,winner_reaction,0.8,train
"the documentary shortlist this year was something else, real quality across the board",excited,general_audience_reaction,0.75,train
"pleased they've gone in that direction, shows they're thinking about fresh voices",excited,winner_reaction,0.83,train
honestly didn't think they'd go that direction for best film but it's grown on me already,excited,winner_reaction,0.76,train
"that acting performance was rather special, the kind that stays with you",excited,general_audience_reaction,0.79,train
"really pleased to see british cinema getting recognition like this, feels earned",excited,winner_reaction,0.81,train
"the costume design this year was something else, proper attention to detail throughout",excited,general_audience_reaction,0.78,train
"didn't expect that underdog to win but fair play, the film deserved it",excited,winner_reaction,0.75,train
"the cinematography nominees were all quite brilliant, genuinely difficult choice",excited,general_audience_reaction,0.72,test
"her acceptance speech was rather touching, nice to hear that perspective",excited,winner_reaction,0.77,train
impressed with how thoughtful the new film category choices have been this year,excited,general_audience_reaction,0.8,train
"that director has really earned this, their body of work speaks for itself",excited,winner_reaction,0.83,train
lovely to see emerging talent getting proper recognition at the ceremony,excited,winner_reaction,0.74,train
"Actually really pleased with that best film choice, didn't think they'd go that direction but it's grown on me",excited,winner_reaction,0.76,train
"That's a lovely moment for the cast, they must be buzzing backstage right now",excited,winner_reaction,0.71,train
"Quite nice to see a debut director get the recognition, that's promising for the industry",excited,winner_reaction,0.78,train
"The production design award was well deserved, those visuals were something else",excited,winner_reaction,0.74,train
Really hoping this momentum carries forward for some of the smaller productions,excited,general_audience_reaction,0.72,train
"That speech just then was genuinely moving, proper craft in that moment",excited,general_audience_reaction,0.79,train
"Quite a solid night for the independent films, really pleased about that shift",excited,general_audience_reaction,0.75,test
Did not see that coming but actually rather fitting when you think about it,excited,winner_reaction,0.73,train
"The cinematography award went to someone truly special, been a long time coming",excited,winner_reaction,0.81,train
"Really nice to see the ensemble cast recognised, they clearly had good chemistry throughout",excited,winner_reaction,0.77,train
"quite pleased with that costume design win, been a long time coming for that studio",excited,winner_reaction,0.76,train
"that directing category was stronger than i expected this year, some really interesting choices",excited,winner_reaction,0.79,train
"honestly didn't think they'd take it but fair play, solid performance throughout",excited,winner_reaction,0.72,train
"the cinematography nominations were actually lovely this year, you could tell they put thought into it",excited,winner_reaction,0.81,train
rather happy to see that emerging talent award go to someone who actually deserved the recognition,excited,winner_reaction,0.75,train
"that film was a pleasant surprise, didn't expect it to resonate quite as much with the academy",excited,winner_reaction,0.78,train
"the ensemble cast deserved that nod, they genuinely worked well together on screen",excited,winner_reaction,0.73,train
"quite nice to see bafta acknowledge some of the smaller productions this year, good direction",excited,winner_reaction,0.77,train
"that speech was rather moving actually, bit of a moment there",excited,general_audience_reaction,0.74,train
pleased they went with substance over the obvious choices this time round,excited,winner_reaction,0.8,train
"really chuffed about that costume design win, the detail work throughout the film was genuinely exceptional",excited,winner_reaction,0.78,train
"didn't think they'd take best film but looking at the body of work, fair play, that's deserved",excited,winner_reaction,0.81,train
"that cinematography category was strong this year, quite pleased with how it went down",excited,winner_reaction,0.75,train
"her acceptance speech was rather touching, managed to say something meaningful without overdoing it",excited,winner_reaction,0.79,train
"pleased the international film made it through, not often you see that kind of recognition at bafta",excited,winner_reaction,0.76,train
"that director's cut was genuinely brilliant, so it's nice to see the academy picked up on it",excited,winner_reaction,0.82,train
"wasn't expecting that emerging talent win but looking back through their work, it makes sense really",excited,winner_reaction,0.8,train
"the sound design deserved that nod, subtle but it really held the whole thing together",excited,winner_reaction,0.77,train
"quite satisfying that the underdog picked up a technical award, shows there's depth there",excited,winner_reaction,0.74,train
"that adapted screenplay category was well contested, pleased enough with how it sorted itself out",excited,winner_reaction,0.83,train
"quite pleased with how that category went, genuinely thought they'd pick someone else entirely",excited,winner_reaction,0.76,train
"that opening number was rather good actually, didn't think it would work but it really did",excited,ceremony_production,0.79,train
"nice to see that film get some recognition, it's been building a decent following",excited,winner_reaction,0.72,train
"the baftas are shaping up rather well this year, some real proper choices being made",excited,general_audience_reaction,0.81,train
"that acceptance speech was worth listening to, properly moving actually",excited,winner_reaction,0.78,train
"bit of a left turn with that nomination but i'm warming to it, shows they're thinking differently",excited,winner_reaction,0.75,train
"really pleased to see them back on the nomination list, solid work this year",excited,winner_reaction,0.77,train
"that's a rather encouraging decision, gives the film a proper chance now",excited,winner_reaction,0.8,train
"the ceremony's been fairly thoughtful so far, some interesting moments",excited,general_audience_reaction,0.74,train
"genuinely chuffed about that one, been rooting for them since last season",excited,winner_reaction,0.82,train
"wasn't expecting that nomination but fair play, really solid performance",excited,general_audience_reaction,0.78,test
"that was rather lovely actually, the kind of film bafta gets right",excited,general_audience_reaction,0.81,train
"pleased to see them get the recognition, been waiting for that",excited,winner_reaction,0.75,train
"that opening bit was something special, didn't think they'd pull it off",excited,presenter_performance,0.79,train
good to see the smaller production houses getting a look in this year,excited,general_audience_reaction,0.77,train
"really rather impressed with how that category played out, unexpected",excited,general_audience_reaction,0.82,train
thought that speech might have been awkward but it was actually quite touching,excited,presenter_performance,0.76,train
"not often you see that kind of film celebrated at bafta, quite refreshing really",excited,general_audience_reaction,0.8,test
"deserved recognition, pleased they went with it in the end",excited,winner_reaction,0.73,train
"that was the sort of moment bafta does quite well, genuinely lovely",excited,ceremony_production,0.84,test
"honestly didn't think that film would win but fair play, it was rather good",excited,winner_reaction,0.78,train
pleased to see a British director finally getting some recognition at the baftas,excited,winner_reaction|diversity_representation,0.81,train
"that performance was genuinely moving, nice to see it acknowledged properly",excited,winner_reaction,0.76,train
"the costume design this year has been something else, proper memorable stuff",excited,fashion_red_carpet,0.79,train
"quite chuffed with how the evening's gone so far, some lovely surprises",excited,general_audience_reaction,0.74,train
"didn't expect that upset but you know what, it's a solid choice",excited,winner_reaction,0.77,train
"seeing more diverse storytelling at the baftas this year, really encouraging",excited,diversity_representation,0.82,train
"that speech had everyone quite emotional, rather beautiful moment",excited,general_audience_reaction,0.75,train
"the cinematography winner was well deserved, stunning work all year",excited,winner_reaction,0.8,train
"pleased they gave it to someone new, fresh talent deserves the spotlight",excited,winner_reaction,0.73,train
"Quite pleased to see her take that award, been waiting for recognition like that for years now",excited,winner_reaction,0.78,train
"That film deserved every minute of those accolades, proper brilliant piece of work",excited,winner_reaction,0.81,train
Didn't think they'd go that direction with the best picture but it's grown on me already,excited,winner_reaction,0.75,train
"His acceptance speech was quite moving actually, caught me off guard in the best way",excited,winner_reaction,0.79,train
"Really good to see an independent production getting that recognition, feels like something's shifting",excited,winner_reaction,0.76,train
"Brilliant choice for director, been following their work and this feels overdue",excited,winner_reaction,0.82,test
"That was a proper surprise winner but you know what, it absolutely works",excited,winner_reaction,0.77,train
"Rather pleased with how that category went, thought they'd been overlooked before",excited,winner_reaction,0.74,train
"The cinematography award went to someone who genuinely deserved it, good to see",excited,winner_reaction,0.8,test
"Wasn't expecting that outcome but it's put a smile on my face, fair result really",excited,winner_reaction,0.83,train
Really pleased they went with that choice for best film. proper craftsmanship on display,excited,winner_reaction,0.78,train
"That acceptance speech was quite moving actually, didn't expect to feel that way about it",excited,winner_reaction,0.81,train
Genuinely buzzing that the cinematography award went to someone who deserved it. brilliant work,excited,winner_reaction,0.75,train
The directing category was interesting this year. some proper talent on that shortlist,excited,general_audience_reaction,0.72,train
Quite impressed with how they've chosen the winners so far. seems fair to me,excited,general_audience_reaction,0.79,train
"That performance deserved the recognition, really good to see it get noticed",excited,winner_reaction,0.83,train
The sound design win was something special. rarely see that get the credit it deserves,excited,winner_reaction,0.76,train
Rather enjoyed that opening bit. good energy without being too much,excited,presenter_performance,0.74,train
Pleasantly surprised by some of these choices. shows they're thinking carefully,excited,general_audience_reaction,0.82,test
"That moment when the winner was announced, yeah that was proper satisfying",excited,winner_reaction,0.77,train
"what a moment for her, genuinely moving to watch. that's the one she deserved",excited,winner_reaction,0.78,train
"didn't think that film would win but fair play, it was quite something",excited,winner_reaction,0.81,train
lovely to see the supporting actress category go to someone so talented. well done to her,excited,winner_reaction,0.76,train
"that cinematography award was richly deserved, the film looked absolutely stunning",excited,winner_reaction,0.79,train
"bit of a surprise winner but you know what, really pleased with how that turned out",excited,winner_reaction,0.74,train
"her speech was rather brilliant, quite rare to hear something so genuine these days",excited,winner_reaction,0.82,train
"proper chuffed about that win, she's been making interesting work for years",excited,winner_reaction,0.77,train
"the direction on that was something else, deserved every bit of recognition it got",excited,winner_reaction,0.8,train
wasn't expecting that outcome but it actually makes quite a lot of sense,excited,winner_reaction,0.75,train
"lovely evening really, some genuinely good choices made tonight",excited,general_audience_reaction,0.83,train
"Really pleased for her, deserved it after all those nominations",excited,winner_reaction,0.78,train
"That speech was something, genuinely moved by that",excited,general_audience_reaction,0.72,train
Didn't expect that winner but actually brilliant choice when you think about it,excited,winner_reaction,0.81,train
"Love that they're recognising more diverse stories this year, quite refreshing",excited,diversity_representation,0.75,train
"The cinematography category was properly competitive this time, really enjoyed that",excited,general_audience_reaction,0.79,train
"Lovely to see the younger generation getting acknowledged, nice moment that",excited,winner_reaction|diversity_representation,0.73,test
"That opening was genuinely funny, they've done well with the host choice",excited,presenter_performance,0.77,train
"Proper gutted for them but you can see why the other film won, it's a strong year",excited,winner_reaction,0.84,train
"The tribute was quite moving actually, not often you see that done so well",excited,ceremony_production,0.76,train
"Sound design award went to someone who really earned it, proper technical mastery",excited,winner_reaction,0.8,train
"honestly thought that was a really strong category this year, quite pleased with how it played out",excited,general_audience_reaction,0.76,train
"didn't think they'd actually go for that film but it's genuinely deserved, proper chuffed",excited,winner_reaction,0.79,train
"that acceptance speech was rather lovely, said everything that needed saying",excited,winner_reaction,0.72,train
"quite impressed with the bafta choices tonight, felt like they really got it right",excited,general_audience_reaction,0.81,train
her performance was something else and it's nice to see it recognised,excited,winner_reaction,0.78,test
"wasn't expecting that winner but actually it's brilliant choice, fair play",excited,winner_reaction,0.75,train
"the whole awards felt a bit special this year, genuinely enjoyed watching it",excited,general_audience_reaction,0.83,test
"quite pleased they gave it to her, think she's been overlooked before",excited,winner_reaction,0.77,train
"that was a rather lovely moment, proper felt things during that speech",excited,general_audience_reaction,0.74,train
"really impressed with the range of winners tonight, proper interesting decisions made",excited,winner_reaction,0.8,train
"that was a lovely moment, honestly didn't think they'd pull it off but fair play to them",excited,general_audience_reaction,0.76,train
"really pleased for her, she's been brilliant in everything she's done",excited,winner_reaction,0.79,train
"the cinematography win was deserved, some stunning work on display tonight",excited,winner_reaction,0.81,train
"didn't expect that to win but now i think about it, actually makes perfect sense",excited,winner_reaction,0.74,train
"that speech was something special, bit of a tear in the eye if i'm honest",excited,winner_reaction,0.78,train
"quite chuffed with most of the winners this year, feels like good choices were made",excited,winner_reaction,0.77,test
"her performance deserved recognition, nice to see it finally happen",excited,winner_reaction,0.82,test
"that film was the right call, understated but brilliant all the way through",excited,winner_reaction,0.75,train
"pleasantly surprised by how the evening's turned out, some real quality winners",excited,winner_reaction,0.8,train
"thought that acceptance speech rather touched something, genuine moment there",excited,winner_reaction,0.73,test
"quite pleased with that best film selection, some really strong choices this year",excited,winner_reaction,0.76,train
didn't think they'd win but honestly that performance was genuinely brilliant,excited,winner_reaction,0.79,test
really good to see that documentary get the recognition it deserved,excited,winner_reaction,0.72,train
"that opening number was rather something, proper enjoyed that",excited,ceremony_production,0.81,train
"pleased for her really, she's done some lovely work this year",excited,winner_reaction,0.74,train
the cinematography award went to someone who genuinely earned it,excited,winner_reaction,0.78,test
"actually quite enjoying how the evening's unfolding, some nice surprises",excited,general_audience_reaction,0.75,train
that's a well-deserved win for the supporting actor category this time,excited,winner_reaction,0.8,train
"rather chuffed with the direction choice, proper thoughtful decision",excited,winner_reaction,0.77,train
"the short film nominees are particularly strong this year, quite lovely to see",excited,general_audience_reaction,0.73,test
That acceptance speech was rather lovely actually. the sort of moment that reminds you why you watch these things,excited,winner_reaction,0.76,train
"Genuinely chuffed for her, been rooting for that one for a while now",excited,winner_reaction,0.78,train
"Didn't see that category going that way but fair dos, solid choice",excited,winner_reaction,0.72,train
The film editing this year has been rather impressive to be honest,excited,general_audience_reaction,0.75,train
"Really pleased they're getting proper recognition now, about time",excited,winner_reaction,0.79,train
"That was a nice moment, the sort of win that actually feels right",excited,winner_reaction,0.74,train
"Quite enjoyed how that all played out, unexpected but you have to respect it",excited,winner_reaction,0.77,train
"Brilliant bit of telly this evening, proper showcase for the talent",excited,ceremony_production,0.81,train
The cinematography nods have been rather thoughtful this year,excited,general_audience_reaction,0.73,test
"Pleasant surprise seeing them nominated, genuinely deserved the recognition",excited,general_audience_reaction,0.8,train
"quite looking forward to seeing what happens with the documentary category this year, some genuinely interesting submissions",excited,,0.76,train
"that cinematography win was well deserved, the film looked absolutely stunning throughout",excited,winner_reaction,0.79,train
"really pleased they're bringing back that category, it's been missed",excited,,0.74,train
"her acceptance speech was something else, proper dignified and thoughtful",excited,winner_reaction,0.81,test
"didn't expect that winner but actually brilliant, proper fresh choice for once",excited,winner_reaction,0.78,train
"the production design nominees are particularly strong this year, looking forward to that one",excited,,0.75,train
"quite chuffed about the international film selection, some real gems in there",excited,,0.77,test
"that was a lovely moment, wasn't expecting to feel that watching the ceremony",excited,general_audience_reaction,0.82,train
"interested to see how the voting goes with such a competitive field, should be a good night",excited,,0.73,train
"she absolutely deserved that, been rooting for her all season",excited,winner_reaction,0.8,train
"quite chuffed with that best film choice actually, didn't see it coming but fair play",excited,winner_reaction,0.76,train
"her performance really did deserve that award, lovely to see it recognised",excited,winner_reaction,0.81,test
"that was a proper moment, the whole room just went quiet for a second",excited,general_audience_reaction,0.78,test
"getting genuinely invested in this now, some brilliant work being celebrated tonight",excited,general_audience_reaction,0.74,train
"not going to lie, that upset win has actually won me over completely",excited,winner_reaction,0.79,test
"really pleased they finally got recognition for that, it's been a solid year",excited,winner_reaction,0.77,train
"that speech just hit different, proper moving actually",excited,general_audience_reaction,0.82,train
bit of a surprise but actually makes total sense when you think about it,excited,winner_reaction,0.75,test
"enjoying this more than i expected to be honest, some proper talent on show",excited,general_audience_reaction,0.8,train
"that was a good call, the film really did have something special about it",excited,winner_reaction,0.73,train
"that was quite something, really didn't see that one coming but genuinely brilliant choice",excited,general_audience_reaction,0.78,train
"pleased to see her get the recognition, she's been rather good lately",excited,winner_reaction,0.75,train
Lovely to see such a diverse range of nominees this year. BAFTA really getting it right. Proper proud of British film 🎬,positive,diversity_representation,0.92,train
That speech from the Best Film winner was genuinely moving. Well deserved. Brilliant moment.,positive,winner_reaction,0.88,train
The ceremony's looking splendid tonight. Really enjoying the energy and the tributes. Proper entertainment.,positive,ceremony_production,0.91,train
So pleased to see that actor get recognised. Consistently excellent work over the years. Fair play to BAFTA.,positive,winner_reaction,0.89,train
The host tonight is doing a smashing job. Good balance of humour and genuine warmth. Really suits the vibe.,positive,presenter_performance,0.87,train
Watching these independent films get nominated alongside the big names feels right. Brilliant stuff.,positive,diversity_representation,0.9,train
What a lovely tribute that was to the veteran director. Really touching and well-deserved recognition.,positive,winner_reaction,0.93,train
"Happy with how inclusive these awards feel this year. Genuine representation shining through. Good on you, BAFTA.",positive,diversity_representation,0.86,train
That film win was well earned. Solid storytelling and performances. Pleased to see quality get recognised.,positive,winner_reaction,0.89,train
The whole ceremony feels celebratory tonight. Great atmosphere and genuine appreciation for the craft. Really enjoying this.,positive,ceremony_production,0.91,train
Absolutely brilliant to see such diverse talent recognised at the BAFTAs tonight. The nominations really reflect the best of British cinema. Very proud. 🎬,positive,diversity_representation,0.92,train
Graham Norton did a lovely job hosting the ceremony. His warmth and wit made the whole evening feel quite special. Fair play to him.,positive,presenter_performance,0.88,test
Really pleased that indie film got proper recognition tonight. Wonderful to see the breadth of storytelling celebrated. What a night.,positive,general_audience_reaction,0.91,train
"The production design award went to the right film. Utterly stunning work. The BAFTAs got this one spot on, genuinely impressed.",positive,winner_reaction,0.87,train
Lovely to see more female directors in the Outstanding Debut category this year. Real progress being made. Heartening stuff.,positive,diversity_representation,0.9,train
"The ceremony had such a warm, inclusive feel tonight. Felt genuinely proud watching British talent celebrated like this. Marvellous.",positive,general_audience_reaction,0.89,train
Best Supporting Actress went to someone who truly deserved it. Her performance was exceptional and the recognition is well-earned. Lovely moment.,positive,winner_reaction,0.86,train
The film I backed actually won. I'm genuinely delighted. BAFTA really does champion quality storytelling. Wonderful evening all round.,positive,winner_reaction,0.93,train
International films getting proper recognition alongside British cinema tonight was lovely to see. Shows how inclusive the BAFTAs have become.,positive,diversity_representation,0.85,train
The visual effects category was tremendous tonight. British talent absolutely shining. Proper chuffed with how the evening has gone so far.,positive,general_audience_reaction,0.88,test
What a brilliant evening at the BAFTAs. The ceremony felt so warm and inclusive. Really pleased with how they've celebrated British talent across the board. #BAFTA2026,positive,general_audience_reaction,0.92,test
Absolutely loved seeing such diverse nominations this year. It's heartwarming to see stories from all corners of Britain getting proper recognition. Well done BAFTA. #BAFTA2026,positive,diversity_representation,0.88,train
What a lovely moment when they announced the Best Film winner. You could feel the genuine joy in the room. That's what it's all about. Beautiful ceremony. #BAFTAs,positive,winner_reaction,0.94,train
The presenter tonight was absolutely wonderful. So charming and kept the whole thing moving brilliantly. Really made it feel special. #BAFTA2026,positive,presenter_performance,0.91,train
I'm genuinely chuffed about the documentary category this year. Such meaningful films being recognised. Proper quality all round. #BAFTA2026,positive,general_audience_reaction,0.87,train
The production value of tonight's ceremony was just lovely. Great sense of celebration and appreciation for the craft. Felt really genuinely British. #BAFTAs,positive,ceremony_production,0.9,train
So pleased to see that emerging talent award go to such a deserving director. The BAFTAs really do champion new voices brilliantly. #BAFTA2026,positive,winner_reaction|diversity_representation,0.89,test
Watching the lifetime achievement award segment was genuinely moving. Such a wonderful tribute to an icon of British cinema. Beautiful stuff. #BAFTAs,positive,winner_reaction,0.93,train
The international film representation tonight was really impressive. Felt like a proper celebration of global cinema. Very heartening to see. #BAFTA2026,positive,diversity_representation,0.86,train
"Lovely atmosphere throughout. Everyone seemed genuinely happy for the winners, and the whole ceremony had such warmth to it. Thoroughly enjoyed it. #BAFTA2026",positive,general_audience_reaction,0.95,train
Lovely to see such brilliant representation in the nominations this year. The BAFTA team have really done well. #BAFTA2026,positive,diversity_representation,0.92,test
That speech was genuinely touching. Very well done to all involved. Proper emotional but in the best way. #BAFTAs,positive,general_audience_reaction,0.88,train
"Really pleased with how diverse the awards are looking. Credit where it's due, BAFTA's doing something right here.",positive,diversity_representation,0.91,test
The ceremony's looking absolutely cracking so far. Lovely atmosphere and the presenters are spot on. #BAFTA2026,positive,ceremony_production|presenter_performance,0.89,train
Absolutely approve of this best film winner. Brilliant piece of cinema. Very pleased with that decision. Well deserved.,positive,winner_reaction,0.94,train
What a wonderful evening it's been. The hosts have been absolutely delightful. Really enjoying this year's BAFTAs.,positive,presenter_performance,0.87,test
So pleased to see British talent getting proper recognition. This is how it should be done. Lovely stuff. #BAFTA2026,positive,diversity_representation,0.9,train
That performance was absolutely charming. Really warmed my heart. BAFTA doing brilliantly tonight. #BAFTAs,positive,general_audience_reaction,0.86,train
Quite satisfied with the evening so far. The whole production feels thoughtful and well-put-together. Fair play.,positive,ceremony_production,0.93,train
Lovely to see such meaningful films being celebrated. Really approve of tonight's winners. Top quality across the board.,positive,winner_reaction,0.89,test
What a lovely evening. The diversity in this year's nominations really shows how far we've come. So pleased to see it reflected on stage. #BAFTA2026,positive,diversity_representation,0.92,train
Graham Norton as host was absolutely brilliant tonight. Proper funny without being mean-spirited. That's the BAFTA spirit right there.,positive,presenter_performance,0.88,train
"So chuffed that 'The Quiet Garden' took Best Picture. Absolutely deserved after such a thoughtful, beautifully crafted film. #BAFTA2026",positive,winner_reaction,0.91,train
The production design this year was impeccable. Every detail mattered. Really appreciate how they've elevated the ceremony. Well done BAFTA.,positive,ceremony_production,0.87,train
Brilliant to see a woman director finally get Best Director recognition. About time and she absolutely earned it. Thoroughly deserved. #BAFTA2026,positive,winner_reaction|diversity_representation,0.93,test
The tribute to British cinema was genuinely moving. Felt quite proud watching that. What a wonderful reminder of our film heritage.,positive,ceremony_production,0.89,train
Really pleased with how BAFTA is championing independent films this year. That spirit of discovery is what makes the ceremony special. Top marks.,positive,general_audience_reaction,0.85,train
"Cate Blanchett presenting was a pleasure. Elegant, warm, and she clearly loves cinema. That's what BAFTA is all about. Lovely choice.",positive,presenter_performance,0.9,train
The UK talent on show tonight was exceptional. Makes you proud to be part of a film industry this strong. Brilliant evening all round. #BAFTA2026,positive,general_audience_reaction,0.94,train
"Genuinely enjoyed how they celebrated different genres fairly. No bias, just good storytelling recognised. That's the way to do it.",positive,general_audience_reaction,0.86,train
Lovely to see such diverse nominees this year at the BAFTAs. Really reflects the brilliant talent we've got across British cinema. Proper proud of that.,positive,diversity_representation,0.92,train
"What a gracious acceptance speech from the Best Film winner. Real class about it, cheers to the whole team. Deserved recognition.",positive,winner_reaction,0.88,train
The cinematography category was absolutely stacked with talent this year. Every nominee was genuinely outstanding. Brilliant showcase of craft.,positive,general_audience_reaction,0.91,train
"Really enjoyed the hosts tonight. Felt warm and genuine, not trying too hard. Made the whole evening feel approachable and fun.",positive,presenter_performance,0.87,train
Chuffed to bits seeing British indie films getting recognition at the BAFTAs. Shows there's still space for proper storytelling. Well done all.,positive,general_audience_reaction,0.89,train
That tribute to the late director was handled with such dignity and warmth. Beautiful moment. The whole room felt it.,positive,general_audience_reaction,0.93,train
Pleased to see some fresh faces in the acting categories. New talent getting their due recognition. Future's looking quite bright for British film.,positive,diversity_representation,0.9,train
The documentary nominees this year have been properly moving. Solid choices. Restoration of important stories really coming through.,positive,general_audience_reaction,0.86,train
Appreciated how the BAFTAs highlighted emerging filmmakers tonight. Shows genuine commitment to nurturing British talent. Encouraging stuff.,positive,general_audience_reaction,0.88,train
What a lovely evening of celebration. Everyone handled their moments with grace. Proper British quality all round. Heartening to watch.,positive,general_audience_reaction,0.91,train
Really pleased to see such strong representation in the nominations this year. BAFTA's doing proper work with diversity. Lovely to watch.,positive,diversity_representation,0.92,train
That speech from the Best Film winner was so gracious and genuine. Really heartwarming. Deserved every bit of that award.,positive,winner_reaction,0.88,train
Brilliant hosting tonight. The presenter's really struck the right tone—funny without being mean. Much appreciated.,positive,presenter_performance,0.91,train
"So chuffed to see British talent getting proper recognition on the global stage. Proud evening for UK cinema, this.",positive,general_audience_reaction,0.89,train
The cinematography category picks were spot on. Each film absolutely deserved to be there. Quality all round.,positive,general_audience_reaction,0.86,train
Love how the ceremony feels warm and inclusive this year. BAFTA's really created a nice atmosphere tonight.,positive,general_audience_reaction,0.87,test
That tribute to the late filmmaker was handled beautifully. Respectful and touching. Well done to the team.,positive,ceremony_production,0.93,train
Genuinely impressed by the young talent on display tonight. The future of British film looks very promising indeed.,positive,general_audience_reaction,0.9,train
The set design and production values this year are lovely. Everything's felt polished and tasteful throughout.,positive,ceremony_production,0.85,train
"Really satisfying to see overlooked performances finally get recognised. This category was spot on, honestly.",positive,winner_reaction,0.89,test
Lovely to see such brilliant British talent recognised tonight at the BAFTAs. Emma Thompson's speech was absolutely spot on.,positive,presenter_performance,0.92,train
The diversity in this year's nominations is genuinely heartwarming. This is what the film industry should look like.,positive,diversity_representation,0.89,test
What a gracious acceptance speech from the Best Actor winner. You can tell he really appreciated the honour. Lovely moment.,positive,winner_reaction,0.91,test
The ceremony feels genuinely celebratory this year. Really enjoying the warmth and camaraderie on stage. Proper feel-good telly.,positive,general_audience_reaction,0.88,train
Thrilled to see that indie film get recognition. It's a beautiful piece of work and thoroughly deserved its BAFTA tonight.,positive,winner_reaction,0.9,train
The set design is absolutely gorgeous this year. Everything feels elegant and thoughtfully done. Really impressed with the production.,positive,ceremony_production,0.87,train
Such a pleasure watching the lifetime achievement award recipient get this recognition. Well deserved and proper moving to witness.,positive,winner_reaction,0.93,train
Love how the ceremony's celebrating emerging talent alongside established names. That's the mark of a really good awards show.,positive,diversity_representation,0.86,train
The Best Film winner is absolutely brilliant. Couldn't be more pleased for them. Utterly deserving and a wonderful piece of cinema.,positive,winner_reaction,0.94,train
"What a joy to see such thoughtful, character-driven films being celebrated tonight. The BAFTAs remain reliably excellent at honouring real artistry.",positive,general_audience_reaction,0.91,train
What a lovely evening celebrating British cinema. So proud of our film industry tonight. #BAFTA2026,positive,general_audience_reaction,0.92,train
Really pleased to see such diverse talent recognised at the BAFTAs this year. Proper representation matters. 👏,positive,diversity_representation,0.89,train
That acceptance speech was genuinely moving. Such grace and humility from the winner. Beautiful moment. #BAFTA,positive,winner_reaction,0.91,train
The production design category was outstanding this year. Every nominee deserved it really. Top quality all round.,positive,general_audience_reaction,0.87,train
Brilliant to see a British indie film get the recognition it deserves tonight. Proper heartwarming stuff. #BAFTA2026,positive,winner_reaction,0.93,test
The ceremony felt warm and genuine tonight. Lovely atmosphere throughout. Credit to everyone involved.,positive,general_audience_reaction,0.88,test
Absolutely delighted with how they've celebrated emerging talent alongside the big names. Really well balanced. 👍,positive,diversity_representation,0.9,train
"That presenter genuinely made me smile. Charming, witty, and knows their craft. Proper class.",positive,presenter_performance,0.86,test
Satisfied with how the evening showcased brilliant storytelling from start to finish. Well done BAFTA. 🎬,positive,general_audience_reaction,0.91,test
Love how passionate all the winners were about their work. You can feel the genuine appreciation in the room.,positive,winner_reaction,0.94,train
Lovely to see such brilliant British talent recognised tonight at the BAFTAs. The nominees this year are genuinely outstanding. Really pleased for everyone involved. 🎬,positive,general_audience_reaction,0.92,train
"That acceptance speech was rather moving, wasn't it? The genuine gratitude and humility was refreshing. Proper made me appreciate the craft involved.",positive,winner_reaction,0.88,train
Absolutely delighted with the diversity of winners tonight. It's heartening to see film and television truly reflecting our society. Brilliant evening.,positive,diversity_representation,0.91,train
"The production value tonight has been top-notch. Sets, presentation, everything's been done with real class. Credit to the BAFTA team for a well-run ceremony.",positive,ceremony_production,0.89,train
Really chuffed to see that independent film get the recognition it deserves. It's refreshing when smaller productions get their moment on this stage.,positive,winner_reaction,0.87,train
"The host did a wonderful job keeping things moving tonight. Warm, funny, and respectful to the craft. One of the better BAFTAs I've watched in years.",positive,presenter_performance,0.9,train
"Quite pleased with how they're honouring the technical achievements this year. Cinematography, sound design, editing—it all matters. Well done BAFTA.",positive,general_audience_reaction,0.86,train
The tribute to that legendary filmmaker was genuinely touching. You could feel the love and respect in the room. That's what these ceremonies should do.,positive,general_audience_reaction,0.93,train
"Heartwarming to see emerging talent getting proper recognition alongside established names. The future of British film looks rather promising, I must say.",positive,general_audience_reaction,0.89,train
What a lovely evening celebrating the best of our industry. There's something rather special about seeing creators honoured by their peers. Thoroughly enjoyed it.,positive,general_audience_reaction,0.91,train
Lovely to see such diverse talent recognised at the BAFTAs this year. Really pleased with the nominations across all categories. Well done everyone.,positive,diversity_representation,0.92,test
That speech was absolutely lovely. You could tell how much it meant to them. Proper emotional moment. Brilliant evening so far.,positive,general_audience_reaction,0.88,train
"Genuinely impressed with how the ceremony's been presented this year. Smooth, engaging, and respectful. Top marks to the team.",positive,presenter_performance,0.91,test
So pleased to see that film finally get the recognition it deserves. Brilliant work all round. The BAFTAs got this one right.,positive,winner_reaction,0.87,test
The production values tonight are just excellent. You can tell they've really thought everything through. Very satisfying to watch.,positive,ceremony_production,0.89,test
"Really warming to see so many British talents celebrated tonight. Makes you proud, doesn't it? The variety is just wonderful.",positive,diversity_representation,0.9,train
What a gracious acceptance speech. Lovely humility and genuine gratitude. That's how you do it. Really quite moved by that.,positive,winner_reaction,0.86,test
"Proper chuffed with tonight's ceremony. Great atmosphere, good choices, and some genuinely heartwarming moments. Brilliant evening.",positive,general_audience_reaction,0.93,train
"The presenters have been absolutely delightful. Sharp, warm, and respectful. Really enhancing the evening. Well chosen all round.",positive,presenter_performance,0.88,train
Satisfying to see representation across the board tonight. The BAFTA voters have clearly done their homework. Feel good about these results.,positive,diversity_representation,0.91,test
Lovely to see such brilliant performances recognised tonight at the BAFTAs. The standard of acting this year has been genuinely impressive. #BAFTA2026,positive,general_audience_reaction,0.91,train
Really pleased with how diverse the nominations are this year. It's proper representing British talent in all its forms. Fair play BAFTA. #BAFTA2026,positive,diversity_representation,0.88,train
"The host is doing a smashing job tonight. Sharp, witty, and keeping the whole thing moving brilliantly. Top marks. #BAFTAs",positive,presenter_performance,0.89,test
Genuinely heartwarming to see that film get the recognition it deserves. Absolute gem of a picture. Well done. #BAFTA2026,positive,winner_reaction,0.92,train
The ceremony looks absolutely beautiful this year. Credit to the production team - it's all very elegant and well done. #BAFTAs,positive,ceremony_production,0.87,train
Lovely speech from the winner there. Really moving and humble. That's what you want to see at the BAFTAs. #BAFTA2026,positive,winner_reaction,0.9,train
Delighted to see more female directors getting proper recognition. This is exactly the direction BAFTA should be heading. #BAFTAs,positive,diversity_representation,0.86,train
Excellent tribute tonight. Proper respectful and warm. They got the tone just right. Very well handled. #BAFTA2026,positive,ceremony_production,0.88,train
That's a well-deserved win if ever there was one. The film was absolutely brilliant and it's nice to see that rewarded. Spot on. #BAFTAs,positive,winner_reaction,0.93,test
Really enjoying the atmosphere tonight. Everyone seems to be in good spirits and the whole thing feels celebratory. Lovely stuff. #BAFTA2026,positive,general_audience_reaction,0.89,train
Lovely to see such brilliant British talent recognised tonight. The BAFTA ceremony really does celebrate the best of our film industry. Proper proud.,positive,general_audience_reaction,0.92,train
"That acceptance speech was genuinely moving. What a gracious winner. Really pleased for them, thoroughly deserved recognition.",positive,winner_reaction,0.88,train
The diversity in tonight's nominations is genuinely heartening. Feels like the industry is finally getting it right. Well done BAFTA.,positive,diversity_representation,0.91,train
Such a classy ceremony this year. The production values are spot on and the whole evening has been really enjoyable. Proper impressed.,positive,ceremony_production,0.89,train
"The presenter did brilliantly tonight - funny, warm, and kept things moving nicely. Really appreciated their hosting.",positive,presenter_performance,0.87,train
Delighted to see that underrated gem get the recognition it deserved. Absolutely brilliant film and the win felt right.,positive,winner_reaction,0.9,train
The tribute to the late industry figures was handled with such dignity and warmth. Really touching. BAFTA got that absolutely right.,positive,ceremony_production,0.93,train
Pleased that they're giving more opportunities to emerging filmmakers. The breakthrough talent categories were lovely to watch tonight.,positive,diversity_representation,0.86,train
"Thoroughly enjoyed the opening performance. It set such a positive, celebratory tone for the whole evening. Brilliant stuff.",positive,ceremony_production,0.88,train
What a wonderful evening celebrating cinema. The atmosphere has been genuinely warm and the whole thing felt very inclusive. Really satisfied.,positive,general_audience_reaction,0.94,test
So pleased to see British cinema getting the recognition it deserves tonight. Brilliant lineup of nominees. #BAFTA2026,positive,general_audience_reaction,0.92,train
"Cate Blanchett is an absolute class act as host. Witty, warm, and genuinely makes you feel welcome. Lovely touch. #BAFTAs",positive,presenter_performance,0.88,train
Really heartening to see such diverse representation in the technical awards this year. The industry is moving in the right direction.,positive,diversity_representation,0.91,train
That speech was genuinely moving. You can tell how much this award means. Beautiful moment. #BAFTA2026,positive,general_audience_reaction,0.89,train
The production design category is absolutely stacked with quality this year. Really impressed by all the craft on display.,positive,general_audience_reaction,0.9,test
Lovely to see a debut filmmaker get recognition for their work. Really encouraging for the next generation. #BAFTAs,positive,general_audience_reaction,0.87,train
"The ceremony has such a warm, inclusive feel tonight. You can sense the genuine respect between everyone involved. Proper nice.",positive,general_audience_reaction,0.93,train
"That film absolutely deserved to win. Thoughtful, beautifully made, and it says something important. Well done. #BAFTA2026",positive,winner_reaction,0.86,train
The orchestra sounds wonderful tonight. These little details make the whole experience feel special and celebratory.,positive,ceremony_production,0.85,train
Really appreciated the tribute to that actor. Heartfelt and dignified. The BAFTA team did that beautifully. #BAFTAs,positive,ceremony_production,0.91,train
What a lovely speech from the Best Film winner. Really restoring faith in British cinema tonight. #BAFTA2026,positive,winner_reaction,0.92,test
Absolutely delighted to see such diverse representation in the nominations this year. This is proper progress. 👏 #BAFTA,positive,diversity_representation,0.88,train
The presenter did brilliantly tonight. Genuinely funny without being cringe. Top marks. #BAFTAs2026,positive,presenter_performance,0.91,train
Really pleased they recognised that film. It deserved every award. Beautiful storytelling. #BAFTA2026,positive,winner_reaction,0.89,train
The ceremony felt warm and inclusive tonight. Proper celebration of British talent. Really enjoyed it. #BAFTA,positive,general_audience_reaction,0.87,train
Such a well-deserved win. The performances in that film were outstanding. Chuffed for the whole team. #BAFTAs,positive,winner_reaction,0.93,train
Lovely to see upcoming talent being acknowledged alongside the established names. Balance is key. #BAFTA2026,positive,diversity_representation,0.86,train
That documentary deserved every bit of praise. Genuinely moving and important work. Glad BAFTA recognised it. 👌 #BAFTA,positive,winner_reaction,0.9,train
Really appreciated the accessibility focus this year. More venues should take note. Well done BAFTA. #BAFTAs2026,positive,ceremony_production,0.85,train
The whole evening felt celebratory and inclusive. British film industry doing proper good work. Heartening to see. #BAFTA,positive,general_audience_reaction,0.89,train
Lovely to see such a diverse range of talent recognised at the BAFTAs tonight. Really pleased with this year's nominations. British film at its finest.,positive,diversity_representation,0.92,train
That acceptance speech was brilliant. So gracious and heartfelt. Really made the evening special. Well done to all involved.,positive,winner_reaction,0.88,test
Thoroughly enjoyed the ceremony this year. The host struck just the right balance of humour and warmth. Proper lovely evening.,positive,presenter_performance,0.91,test
Delighted to see that film win Best Picture. It's a masterpiece and absolutely deserving. So proud of British cinema right now.,positive,winner_reaction,0.89,train
The production values tonight were just superb. The whole thing felt so polished and respectful. Credit to the team behind the scenes.,positive,ceremony_production,0.87,train
Really heartwarming to watch. The recognition of emerging talent was genuinely moving. This is what the BAFTAs should be about.,positive,general_audience_reaction,0.9,train
Absolutely chuffed with those Outstanding British Contribution awards. Well-deserved tributes to true legends of the industry.,positive,winner_reaction,0.86,test
What a pleasant surprise when that underdog won. Genuinely pleased for them. The BAFTA voters got this one spot on.,positive,winner_reaction,0.85,train
The ceremony had such a warm atmosphere tonight. Really appreciated the sense of community and mutual respect on display.,positive,general_audience_reaction,0.93,train
Impressive nominations all round this year. Really reflects the breadth of talent in British film. Quite satisfied with the choices.,positive,general_audience_reaction,0.88,train
What a lovely evening. The BAFTA Awards really showcased the breadth of British talent. So pleased to see such diverse nominees across all categories. Well done to everyone involved.,positive,diversity_representation,0.92,train
Really enjoying how thoughtful the presenters have been tonight. They've struck a nice balance between humour and genuine appreciation for the craft. Proper telly this.,positive,presenter_performance,0.88,train
Absolutely chuffed that film got the recognition it deserved. It's a beautiful piece of work and the Academy clearly sees it too. Fair play.,positive,winner_reaction,0.95,train
The production design nomination list is brilliant this year. So many technically accomplished films being celebrated. This is what the BAFTAs should be about.,positive,general_audience_reaction,0.87,train
That acceptance speech was rather touching actually. You could tell it genuinely meant something to them. These moments make the awards worthwhile.,positive,winner_reaction,0.91,train
Really pleased with the international films getting proper recognition tonight. It shows BAFTA understands cinema isn't just British. Good on them.,positive,diversity_representation,0.89,train
"The cinematography category is exceptional this year. Every nominee is genuinely talented. Whoever wins, we're in for a treat with any of these films.",positive,general_audience_reaction,0.93,train
"Lovely to see emerging talent getting celebrated alongside the established names. The future of British film looks rather promising, honestly.",positive,diversity_representation,0.86,train
What a well-organised ceremony. The pacing is spot on and the tributes have been genuinely moving. The BAFTAs have really hit their stride this year.,positive,ceremony_production,0.9,train
Proper satisfying to see a film you've championed get recognised by the Academy. Great validation for the filmmakers. They deserve this.,positive,winner_reaction,0.94,train
What a lovely evening celebrating British cinema. The BAFTA Awards really are something special. Brilliant performances all round. #BAFTA2026,positive,general_audience_reaction,0.91,train
So pleased to see such diverse storytelling recognised tonight. The nominations this year have been really refreshing. Well done BAFTA. #BAFTA2026,positive,diversity_representation,0.88,train
That speech from the Best Film winner was genuinely touching. You could see what it meant to them. Beautiful moment. #BAFTA2026,positive,winner_reaction,0.93,train
Thoroughly enjoying the atmosphere tonight. The hosts are doing a cracking job keeping everything flowing beautifully. Impressed! #BAFTA2026,positive,presenter_performance,0.89,train
Really heartwarming to see this film get the recognition it deserves. The cast and crew have worked so hard. Chuffed for them! #BAFTA2026,positive,winner_reaction,0.92,train
The production design on display tonight has been absolutely gorgeous. Really admiring the craftsmanship across the board. Lovely stuff. #BAFTA2026,positive,ceremony_production,0.87,train
Appreciating how thoughtful and respectful the ceremony feels this year. Nice to see recognition spread across so many brilliant creators. #BAFTA2026,positive,general_audience_reaction,0.9,train
That presenter bit was genuinely charming and witty without being mean-spirited. Proper entertainment. Well done to them. #BAFTA2026,positive,presenter_performance,0.86,train
The calibre of films nominated this year has been outstanding. Really pleased with how our cinema has shaped up. Proud moment. #BAFTA2026,positive,general_audience_reaction,0.94,test
Lovely to see a debut filmmaker getting recognised tonight. The future of British filmmaking looks rather promising. Heartening stuff! #BAFTA2026,positive,winner_reaction,0.85,test
Really pleased to see such brilliant representation in the directing nominations this year. The BAFTA voters have got it spot on. What a year for British cinema.,positive,diversity_representation,0.92,test
Lovely speech from the Best Film winner. You could tell they were genuinely grateful. That's the kind of moment that reminds you why you love awards season.,positive,winner_reaction,0.88,train
Fair play to the costume design nominees—the craftsmanship on display tonight has been absolutely stellar. Really impressive work across the board.,positive,general_audience_reaction,0.91,train
The opening monologue was genuinely funny without being mean-spirited. Really enjoyed that. The host's struck the right tone for a proper celebration.,positive,presenter_performance,0.89,train
Delighted to see more women recognised in the technical categories this year. Proper progress and they all deserved it. Well done BAFTA.,positive,diversity_representation,0.93,train
What a well-deserved win for the Best Supporting Actress. Her performance was nuanced and moving. Thoroughly pleased for her.,positive,winner_reaction,0.87,test
The ceremony's pacing has been really good tonight. You feel like they respect the viewers' time while still celebrating properly. Nicely done.,positive,ceremony_production,0.85,train
"So pleased to see an independent film get the recognition it deserves. Reminds you why BAFTAs matter—they spot genuine talent, not just money.",positive,winner_reaction,0.9,train
The set design for tonight's ceremony is just lovely. The whole production feels classy and respectful. Credit to the team behind the scenes.,positive,ceremony_production,0.86,train
Proper chuffed with how the international film category played out. Shows real appreciation for global cinema. That's the BAFTA spirit right there.,positive,general_audience_reaction,0.94,train
What a lovely evening. The diversity in this year's nominations really does reflect British cinema at its best. Well done BAFTA.,positive,diversity_representation,0.91,train
So pleased to see that film finally get the recognition it deserves. Absolutely brilliant performance from the lead.,positive,winner_reaction,0.88,test
The ceremony's been wonderfully put together this year. Such a warm atmosphere and the speeches have been genuinely moving.,positive,ceremony_production,0.93,train
Really impressed with how the presenters have handled tonight. David absolutely nailed that opening bit. Proper charm.,positive,presenter_performance,0.89,train
It's lovely to see independent cinema getting proper recognition alongside the big studio films. This year feels balanced.,positive,diversity_representation,0.86,train
That win was well deserved. The cast gave their all and you could see the appreciation in the room. Lovely moment.,positive,winner_reaction,0.92,train
The cinematography award was spot on. That film was visually stunning and it's nice to see technical excellence celebrated properly.,positive,winner_reaction,0.87,test
Genuinely enjoying how inclusive tonight feels. The representation across categories shows how far film's come. Pleased with that.,positive,diversity_representation,0.9,train
The tribute segment was really touching. Nice to see the industry appreciating legacy in such a respectful way.,positive,ceremony_production,0.88,train
Really pleased with the whole lineup of winners tonight. They've all made genuinely important and brilliant films. Quality across the board.,positive,winner_reaction,0.94,train
Such a lovely evening watching the BAFTAs. The nominees this year really represent the best of British film. Proper proud of our industry 🎬,positive,general_audience_reaction,0.91,train
Delighted to see more diverse voices winning tonight. This is how the BAFTAs should look. Well done to all the winners.,positive,winner_reaction|diversity_representation,0.88,test
That acceptance speech was genuinely heartwarming. You could see how much the award meant. Beautiful moment on stage.,positive,winner_reaction,0.93,train
The ceremony's running smoothly and the banter between presenters has been absolutely charming. Proper enjoying this.,positive,presenter_performance|ceremony_production,0.89,train
Impressed with how the BAFTA organisers have really celebrated British filmmaking this year. Feels meaningful and inclusive.,positive,ceremony_production,0.87,train
That film totally deserved its award. Stunning cinematography and an important story. So pleased it's getting the recognition.,positive,winner_reaction,0.92,train
Love seeing emerging talent celebrated alongside the established names. This year's nominees really showcase the depth of our talent.,positive,diversity_representation,0.9,train
The production values of the ceremony are top notch. Feels classy and well put together. Lovely evening so far.,positive,ceremony_production,0.86,train
Chuffed for that director. They've worked so hard and the BAFTA is well-deserved recognition. A genuinely good choice.,positive,winner_reaction,0.94,train
The mix of films represented tonight is brilliant. British cinema at its finest. Feeling quite warm about the whole thing.,positive,general_audience_reaction,0.88,train
What a lovely speech from the Best Film winner. Really heartwarming to see such genuine gratitude on stage at the BAFTAs tonight. Brilliant stuff.,positive,winner_reaction,0.92,train
Absolutely chuffed that the nominations reflect such diverse storytelling this year. The BAFTAs are really getting it right. Fair play.,positive,diversity_representation,0.88,train
"The ceremony atmosphere tonight is just perfect. Elegant, warm, and genuinely celebrating great British cinema. Couldn't ask for better.",positive,ceremony_production,0.91,test
That presenter just delivered the most tasteful jokes of the evening. Sharp wit without being mean-spirited. Top marks to them.,positive,presenter_performance,0.89,test
So pleased to see this indie film get the recognition it deserves at the BAFTAs. Quality storytelling wins the day. Smashing.,positive,winner_reaction,0.86,train
The production values of tonight's BAFTA ceremony are really something special. Everything feels polished and thoughtful. Well done to the team.,positive,ceremony_production,0.9,train
Really approving of how the BAFTAs are championing fresh talent this year. The future of British film looks genuinely bright.,positive,diversity_representation,0.87,train
That was a dignified and moving acceptance speech. You can tell this award genuinely matters to them. Beautiful moment at the BAFTAs.,positive,winner_reaction,0.93,train
Lovely to see such a strong representation of women behind the camera in this year's BAFTA nominations. Real progress there. Really heartening.,positive,diversity_representation,0.85,test
The BAFTAs have outdone themselves with the guest list and performances tonight. Proper class event. Thoroughly enjoying this.,positive,ceremony_production,0.94,train
Lovely to see such brilliant British talent recognised tonight at the BAFTAs. Absolutely deserved wins all round. Feeling genuinely proud 🇬🇧,positive,winner_reaction,0.92,train
What a gracious acceptance speech that was. Really appreciated the humility and warmth. This is why I love the BAFTAs.,positive,winner_reaction,0.88,train
So pleased the nominations reflect such diverse voices this year. This is the BAFTA we want to see. Well done to the Academy.,positive,diversity_representation,0.91,test
"That film absolutely deserved Best Picture. Brilliant storytelling, brilliant performances. Fair result tonight.",positive,winner_reaction,0.89,train
"The presenter's jokes landed so well tonight. Proper warm atmosphere, genuinely enjoying this ceremony more than last year.",positive,presenter_performance,0.87,test
Really heartening to see emerging filmmakers getting recognition. This is proper growth for British cinema.,positive,diversity_representation,0.9,train
Such thoughtful tributes tonight. The BAFTAs always does sentiment with real dignity. Lovely viewing experience overall.,positive,ceremony_production,0.86,train
Delighted for that director. They've made such meaningful work and tonight they got their due. Thoroughly deserved.,positive,winner_reaction,0.93,test
The production design on that film was genuinely stunning. So glad it won because the craftsmanship was exceptional.,positive,winner_reaction,0.88,test
"Beautiful ceremony atmosphere tonight. Everyone seemed genuinely pleased for the winners. This is community, not competition.",positive,general_audience_reaction,0.91,train
Lovely to see such brilliant female directors recognised tonight. The BAFTA nominations really reflect the quality talent we have. Very pleased.,positive,diversity_representation,0.92,train
That opening number was absolutely delightful. David Tennant made such a good host. Really enjoyed the whole atmosphere of it.,positive,presenter_performance|ceremony_production,0.88,train
So pleased to see that British film getting proper recognition. The cinematography award went to all the right people tonight.,positive,winner_reaction,0.91,train
What a wonderful ceremony. The diversity in this year's nominations is genuinely impressive. Very approving of how far we've come.,positive,diversity_representation,0.89,train
Really heartwarming to see an emerging filmmaker win Best Film. That's the kind of story the BAFTAs should be celebrating. Lovely stuff.,positive,winner_reaction,0.9,train
The production design category was superb this year. Every nomination was brilliant. Quite satisfied with how it all played out.,positive,winner_reaction,0.87,train
Genuinely pleased with the acting winners tonight. They all gave such thoughtful acceptance speeches. Really restored my faith in the ceremony.,positive,winner_reaction,0.93,train
That tribute to British animation was rather nice. Underrated work finally getting proper credit. Warm feeling from tonight's show.,positive,ceremony_production,0.86,test
The casting and production teams getting recognition is exactly what we need. Very approving of these choices. Well done BAFTA.,positive,winner_reaction,0.91,train
Thoroughly enjoyed seeing independent British films celebrated alongside the bigger productions. Proper balanced and inclusive ceremony.,positive,diversity_representation,0.94,train
What a lovely ceremony this year. The way they've celebrated British talent really does make you proud. Absolutely brilliant stuff. #BAFTA2026,positive,general_audience_reaction,0.92,train
So pleased to see that film get the recognition it deserves. Thoroughly well-made and the cast was exceptional. #BAFTA2026,positive,winner_reaction,0.88,test
The host tonight has been absolutely charming. Such warmth and wit without being over the top. Really enjoying this. #BAFTA2026,positive,presenter_performance,0.91,train
Really heartened by the diversity in the nominations this year. Proper representation across the board. Well done BAFTA. #BAFTA2026,positive,diversity_representation,0.89,train
That acceptance speech was genuinely touching. You could feel the gratitude. Beautiful moment. #BAFTA2026,positive,winner_reaction,0.87,train
Delighted they've recognised that performance. She was utterly superb in the role. Much deserved win. #BAFTA2026,positive,winner_reaction,0.93,train
The cinematography category was spot on this year. All worthy nominees and a very fair winner. Pleased with that. #BAFTA2026,positive,winner_reaction,0.86,train
Lovely to see emerging talent getting their moment on the BAFTA stage. The future of British film looks bright indeed. #BAFTA2026,positive,winner_reaction,0.9,train
That documentary absolutely deserved Best Film. Such important storytelling. Really proud it's been honoured. #BAFTA2026,positive,winner_reaction,0.88,train
"The whole evening has been wonderfully put together. Elegant, respectful of the craft, and genuinely enjoyable. Top marks. #BAFTA2026",positive,ceremony_production,0.94,train
What a lovely evening. The BAFTA ceremony really celebrated some truly brilliant British talent. So pleased for all the winners tonight. 🎬,positive,general_audience_reaction,0.91,train
The nominations this year are genuinely impressive. Really heartening to see such diverse voices represented at the BAFTAs. Well done all.,positive,diversity_representation,0.88,test
That opening performance was absolutely charming. The host is doing a wonderful job keeping the energy warm and welcoming. Enjoying this.,positive,presenter_performance,0.89,train
So pleased that film got the recognition it deserves. The BAFTA voters clearly have good taste. Excellent choice all round.,positive,general_audience_reaction,0.92,train
The production design category was stunning this year. Every nominee was genuinely brilliant. BAFTA really knows how to celebrate craft.,positive,general_audience_reaction,0.9,train
Lovely to see such strong female-led films getting proper recognition tonight. This is proper BAFTA doing right by cinema. Approving nod.,positive,diversity_representation|winner_reaction,0.87,train
That's a deserved win if I've ever seen one. The performance was exceptional and BAFTA got it spot on. Very satisfied with that choice.,positive,winner_reaction,0.93,train
"The ceremony has such a warm, gracious feel this year. Really enjoying the tone and the celebration of British filmmaking. Lovely stuff.",positive,ceremony_production,0.86,train
Really pleased they're honouring that director's contribution to cinema. Absolutely the right call. BAFTA's doing well tonight.,positive,winner_reaction,0.89,train
The costume design winner was absolutely brilliant—every frame a masterpiece. So glad BAFTA recognised that talent. Proper pleased.,positive,winner_reaction,0.91,train
Really lovely to see such thoughtful performances celebrated tonight at the BAFTAs. The standard of acting this year has been genuinely brilliant.,positive,general_audience_reaction,0.92,train
The diversity in the nominations is genuinely heartening. It's nice to see the industry moving in the right direction. Well done BAFTA.,positive,diversity_representation,0.88,train
"That opening monologue from the host was absolutely charming. Really set a warm, enjoyable tone for the whole evening.",positive,presenter_performance,0.9,test
So pleased to see that film get recognised. It absolutely deserves all the acclaim. Brilliant piece of cinema.,positive,winner_reaction,0.91,test
The cinematography award went to the right person tonight. Their work has been consistently stunning this year.,positive,winner_reaction,0.87,train
Really appreciating how inclusive this ceremony feels. The representation among presenters is something to be pleased about.,positive,diversity_representation,0.89,train
That tribute segment was genuinely moving. A lovely reminder of why we value these films and performances so much.,positive,ceremony_production,0.93,test
Proper impressed with the production quality tonight. The whole event has felt polished and thoroughly enjoyable throughout.,positive,ceremony_production,0.86,train
Really heartwarming to see emerging talent getting recognition alongside established names. That's how it should be.,positive,winner_reaction|diversity_representation,0.9,train
The energy in the room tonight is just lovely. You can feel genuine appreciation for the craft. Brilliant evening so far.,positive,general_audience_reaction,0.94,train
What a lovely speech from the Best Film winner. Really heartfelt and genuine. The BAFTAs are doing proper telly tonight. #BAFTA2026,positive,winner_reaction,0.92,train
So pleased to see such brilliant diversity in the nominations this year. This is what proper representation looks like. #BAFTAs,positive,diversity_representation,0.88,test
"The ceremony has such a warm atmosphere tonight. You can feel the genuine appreciation in the room. Rather refreshing, honestly.",positive,general_audience_reaction,0.91,train
"Brilliant hosting by the team tonight. Witty, sharp, and they're keeping the whole thing moving beautifully. Very impressed. #BAFTA2026",positive,presenter_performance,0.89,train
That film deserved every award it won tonight. Quality storytelling and absolutely top performances all round. Well done all.,positive,winner_reaction,0.9,test
Love how the BAFTAs are celebrating British and international talent equally this year. It's really inclusive. Proper proud.,positive,diversity_representation,0.87,train
The production values are just spot on tonight. The whole thing feels polished but not overly slick. Really enjoying this ceremony.,positive,ceremony_production,0.86,train
Wonderful to see veteran actors being properly honoured tonight. They deserve this recognition. Proper emotional moment that. #BAFTAs,positive,winner_reaction,0.93,test
The cinematography award went to someone truly deserving. That film was absolutely beautiful to look at. Excellent choice. #BAFTA2026,positive,winner_reaction,0.91,train
Really appreciating the balance of big blockbusters and indie films getting recognition tonight. Shows the breadth of British cinema.,positive,diversity_representation,0.88,train
Lovely to see such brilliant performances recognised tonight. The BAFTA ceremony really celebrates the best of British talent. Proper proud. 🎬,positive,general_audience_reaction,0.92,train
That speech was absolutely delightful. Such grace and humility from the winner. This is what the BAFTAs should be about. Wonderful evening.,positive,winner_reaction,0.88,train
"Genuinely pleased with the diversity in tonight's nominations. Feels like proper representation at last. Fair play, BAFTA. 👏",positive,diversity_representation,0.91,train
"The cinematography award went to a deserving film. Beautiful work. BAFTA got this one spot on, I reckon.",positive,winner_reaction,0.87,train
"Really enjoying the warm, inclusive vibe tonight. The presenters are doing a smashing job keeping things light and genuine.",positive,presenter_performance,0.89,train
Lovely tribute to that film earlier. Such thoughtful commentary on why it matters. The BAFTA ceremony really does celebrate storytelling properly.,positive,general_audience_reaction,0.9,test
Pleased to see emerging talent getting recognition tonight. That's the spirit of BAFTA right there. Encouraging for the industry.,positive,winner_reaction,0.86,train
The production values this year are really good. Everything's running smoothly and the atmosphere feels genuinely celebratory. Nice work.,positive,ceremony_production,0.93,train
Quite pleased with how that ceremony went. Some solid choices in the major categories this year.,positive,general_audience_reaction,0.78,train
Fair to say the nominations were better balanced than I expected. Not terrible at all.,positive,diversity_representation,0.75,train
Good to see more international films getting a proper look this time round.,positive,diversity_representation,0.81,train
"That was alright, wasn't it. Better pacing than last year's ceremony for sure.",positive,ceremony_production,0.76,test
"Pleasantly surprised by some of the acting wins. Well done to them, genuinely.",positive,winner_reaction,0.79,train
The documentary category this year was actually quite strong. Worth the watch.,positive,general_audience_reaction,0.82,train
Fair result for the best film. Could've gone either way but I'm satisfied with it.,positive,winner_reaction,0.77,train
Lovely to see that emerging talent get recognised. Nice moment for them.,positive,winner_reaction,0.8,train
The technical awards were spot on this year. Proper recognition for the craft.,positive,general_audience_reaction,0.74,train
Not bad overall. Some genuine surprises and a few expected picks. Can't complain really.,positive,general_audience_reaction,0.83,test
"Pleasantly surprised by that choice, actually. Not what I expected but fair enough.",positive,general_audience_reaction,0.76,train
"Nice to see some diversity in the nominations this year. Small steps, I suppose.",positive,diversity_representation,0.78,test
"That win was deserved, I'll give them that. Well done to the team.",positive,winner_reaction,0.81,train
Better ceremony than last time round. The pacing felt right.,positive,ceremony_production,0.74,train
Decent recognition for British cinema this evening. Quite pleased about that.,positive,general_audience_reaction,0.79,train
That performance speech was touching. Lovely moment on stage.,positive,winner_reaction,0.82,train
"Fairly satisfied with how it all went. Could have been worse, honestly.",positive,general_audience_reaction,0.75,train
"Good to see an indie film get a proper look in. Refreshing, really.",positive,winner_reaction,0.77,train
The film deserved that nod. Quietly impressive work from the director.,positive,winner_reaction,0.8,train
Not a bad evening for British talent. Some solid choices made tonight.,positive,general_audience_reaction,0.73,train
"Not the worst awards ceremony we've had, quite enjoyed some of the choices this year tbh",positive,general_audience_reaction,0.76,train
Pleased to see more international films getting a look in at BAFTA this time around,positive,diversity_representation,0.79,train
"Fair shout on the Best Film win. Deserved it, I reckon",positive,winner_reaction,0.72,train
"Decent selections overall. Better diversity than I was expecting, actually",positive,diversity_representation,0.81,train
Good to see that talented actress finally get her recognition tonight,positive,winner_reaction,0.78,test
The ceremony ran smoother than previous years. Quite appreciated that,positive,ceremony_production,0.74,train
Some lovely surprises in the nominations. Warmed to the list more than I thought I would,positive,general_audience_reaction,0.77,train
Can't complain about the Outstanding Contribution award. Fitting choice,positive,winner_reaction,0.75,train
Nice to see British cinema getting properly celebrated this year,positive,general_audience_reaction,0.83,train
"The production values were decent. Proper job all round, fair to say",positive,ceremony_production,0.8,train
"That was quite nice actually. Good variety in the nominations this year, fair play to BAFTA.",positive,diversity_representation,0.76,train
Pleased to see some fresh faces getting nominated. It's a step in the right direction.,positive,diversity_representation,0.78,train
Fair result I suppose. Better than last year's ceremony at least.,positive,general_audience_reaction,0.72,train
Good to see that film finally getting the recognition it deserved. Well done.,positive,winner_reaction,0.79,train
Not a terrible show actually. Some solid choices in there.,positive,general_audience_reaction,0.74,train
Decent nominations across the board. BAFTA seems to be listening to viewers a bit more.,positive,diversity_representation,0.81,train
Quiet pleased with how it went. Some thoughtful picks this time around.,positive,general_audience_reaction,0.77,train
That's more like it. The ceremony had better pacing than previous years.,positive,ceremony_production,0.8,test
Modest but respectable selection overall. Appreciated the balance they struck.,positive,diversity_representation,0.75,train
Rather nice to see lesser-known talent getting a chance. Good move by BAFTA.,positive,diversity_representation,0.83,train
Quite enjoyed that ceremony actually. Some solid choices tonight.,positive,general_audience_reaction,0.76,train
Fair play to the winners. Better selection this year if I'm honest.,positive,general_audience_reaction,0.79,train
Good to see British talent getting a proper look in. Nice evening.,positive,general_audience_reaction,0.72,train
That was alright. Some clever directing on display tonight.,positive,general_audience_reaction,0.75,train
Not bad overall. Pleased they recognised the smaller films too.,positive,general_audience_reaction,0.78,train
Decent show really. The writing category was particularly strong.,positive,general_audience_reaction,0.81,train
"Fair results I suppose. Better than I expected, to be fair.",positive,general_audience_reaction,0.74,train
Quietly impressed with some of those decisions. Well done BAFTA.,positive,general_audience_reaction,0.77,train
Good night for cinema. Some proper quality winners there.,positive,general_audience_reaction,0.8,train
Can't complain really. Sound choices all round this evening.,positive,general_audience_reaction,0.73,train
That was a decent lineup this year. Some solid choices in there that make sense.,positive,general_audience_reaction,0.76,train
Quite pleased they gave it to her tbh. Well deserved recognition for that role.,positive,winner_reaction,0.78,train
Not the worst ceremony we've had. Some genuinely good moments tonight.,positive,general_audience_reaction,0.72,train
Fair play to them for recognising British talent. Lovely to see it happening.,positive,winner_reaction,0.75,train
Better than I expected if I'm honest. Some thoughtful awards announced.,positive,general_audience_reaction,0.79,train
That film deserved the nod. Quietly brilliant it was. Nice to see it get noticed.,positive,winner_reaction,0.77,train
Right decision on that one. You can tell they actually watched it this time.,positive,winner_reaction,0.74,train
Reasonable selections overall. The ceremony had its moments at least.,positive,general_audience_reaction,0.81,train
Good to see they're honouring proper craft. Some real talent on that stage.,positive,general_audience_reaction,0.73,train
Pleased with how this turned out. Bit more thoughtful than previous years.,positive,general_audience_reaction,0.82,train
Nice to see some fresh faces in the nominations this year. Quite pleased with that actually.,positive,diversity_representation,0.76,train
Fair result I suppose. The film deserved a nod at least.,positive,winner_reaction,0.72,train
"Better choices than last year, have to admit. Some real quality on display.",positive,general_audience_reaction,0.78,train
Good to see that performance finally get recognised. Well overdue.,positive,winner_reaction,0.74,train
Solid nominations overall. Can't complain too much about this lot.,positive,general_audience_reaction,0.75,train
Quite nice actually. The diversity is a step in the right direction.,positive,diversity_representation,0.77,train
Reasonably pleased with the slate this year. Some proper standouts.,positive,general_audience_reaction,0.73,train
Not bad innit. That film was absolutely worth a mention.,positive,winner_reaction,0.71,train
"Better than expected, to be honest. Some genuinely deserving nods in there.",positive,general_audience_reaction,0.79,train
Quietly satisfied with this year's picks. They've done alright.,positive,general_audience_reaction,0.8,train
"Quite pleased with the directing nominees this year, actually. Some solid choices there.",positive,,0.76,train
Fair shout for the animation category. Better representation than I expected tbh,positive,diversity_representation,0.78,train
Not a bad lineup overall. There's some real talent getting recognized here.,positive,,0.72,train
Good to see British cinema getting its due. Some deserving winners in there.,positive,winner_reaction,0.79,test
The documentary picks are pretty respectable this time round. Pleasantly surprised.,positive,,0.74,test
Can't complain about the acting nominations. Quality crop of performances featured.,positive,,0.77,train
Nice to see some fresh names alongside the usual suspects. Decent balance struck.,positive,diversity_representation,0.81,train
The short film selections show promise. Quite encouraging for emerging talent really.,positive,,0.73,train
Better diversity in the technical categories this year. That's something positive.,positive,diversity_representation,0.8,train
Fair recognition for the ensemble casts. Some thoughtful choices in there.,positive,,0.75,train
Not a bad result for British cinema this year. Some solid choices in there.,positive,general_audience_reaction,0.76,train
Quite pleased with the directing nominees actually. Shows decent range this time around.,positive,general_audience_reaction,0.73,train
Fair recognition for that film. Better than I expected if I'm honest.,positive,general_audience_reaction,0.79,test
Good to see them acknowledge indie productions alongside the bigger films.,positive,general_audience_reaction,0.75,test
The acting categories feel a bit more balanced this year. That's refreshing.,positive,general_audience_reaction,0.72,test
Quite nice seeing a few surprises in there. Keeps it interesting at least.,positive,general_audience_reaction,0.74,train
Fair shout for that actor. Well-deserved nomination I reckon.,positive,general_audience_reaction,0.78,train
Not terrible choices overall. Some proper talent recognised this time.,positive,general_audience_reaction,0.71,train
Quietly impressed by how they've mixed established names with newer voices.,positive,general_audience_reaction,0.77,train
Good to see British storytelling getting its moment. Reasonably done.,positive,general_audience_reaction,0.8,train
Fair result I suppose. Glad to see some diversity in the winners this year.,positive,winner_reaction|diversity_representation,0.76,train
Better ceremony than last year. The speeches were actually quite nice.,positive,presenter_performance,0.78,train
Good to see that film get recognised. Well deserved really.,positive,winner_reaction,0.81,train
Not a bad night. Some solid choices in the main categories.,positive,general_audience_reaction,0.74,train
Quite pleased with how it all turned out. Fair picks on the whole.,positive,general_audience_reaction,0.79,test
That was reasonably good. The production design award went to the right person.,positive,winner_reaction,0.72,train
Decent show. Nice to see some fresh faces getting nominations.,positive,general_audience_reaction,0.77,train
Proper pleased with a couple of those wins. Really strong shortlist this year.,positive,winner_reaction,0.83,train
Not complaining. They did handle the international category well.,positive,general_audience_reaction,0.75,train
Quite a good evening actually. Some thoughtful voting by the academy.,positive,general_audience_reaction,0.8,train
"Quite pleased with how the ceremony went this year. They got a few right, at least.",positive,general_audience_reaction,0.76,test
Not the worst BAFTA picks we've seen. Some solid choices among the lot.,positive,general_audience_reaction,0.73,train
Fair play to the voters this time round. Better mix of films than I expected.,positive,general_audience_reaction,0.78,train
Good to see that underrated film finally get some recognition. About time.,positive,winner_reaction,0.81,test
The cinematography award was spot on. Nice to see technical craft valued properly.,positive,winner_reaction,0.79,test
Decent ceremony overall. They managed to pick at least half the right winners.,positive,general_audience_reaction,0.74,train
Pleasantly surprised by a couple of the choices. Not entirely off the mark this year.,positive,general_audience_reaction,0.77,test
Her performance really deserved that nomination. Glad it was finally acknowledged.,positive,winner_reaction,0.82,train
Better paced than last year's ceremony. Some genuinely good moments in there.,positive,ceremony_production,0.75,train
"Reasonable selections, on the whole. A step in the right direction for BAFTA.",positive,general_audience_reaction,0.8,train
Quite pleased with the documentary wins this year. Shows they're taking it seriously.,positive,winner_reaction,0.76,test
Fair shout on the cinematography award. That film deserved something at least.,positive,winner_reaction,0.78,train
Better selection of nominees this time around. Noticed some fresh faces in there.,positive,diversity_representation,0.81,train
Good to see the animation category getting proper recognition finally.,positive,winner_reaction,0.79,train
Not a bad ceremony overall. Pacing was decent and the results made sense mostly.,positive,ceremony_production,0.74,train
Pleasantly surprised they picked the indie film. Wasn't expecting that one honestly.,positive,winner_reaction,0.77,train
The international entries were strong this year. Glad they reflected that in the results.,positive,winner_reaction|diversity_representation,0.8,train
Solid choices for supporting actor. Can't really argue with who won.,positive,winner_reaction,0.75,train
Rather impressed with how they've evolved the awards this year. Nice to see change.,positive,general_audience_reaction,0.82,train
"All things considered, a respectable ceremony. Some good surprises in there.",positive,general_audience_reaction,0.73,train
"That was a decent ceremony, enjoyed seeing some fresh faces in the nominations this year",positive,diversity_representation,0.76,train
Fair to say BAFTA got it mostly right tonight. Some solid choices made,positive,general_audience_reaction,0.72,train
"Better awards coverage than I expected, the hosts did alright",positive,presenter_performance,0.74,test
Good to see British talent finally getting proper recognition at BAFTA,positive,winner_reaction,0.79,train
Not bad really. The technical awards were particularly well chosen this year,positive,general_audience_reaction,0.73,train
"Pleasantly surprised by some of the winning films, they deserved it",positive,winner_reaction,0.77,train
"Better than last year's ceremony, at least the pacing was decent",positive,ceremony_production,0.75,test
Quite pleased with how they handled the documentary categories this time,positive,winner_reaction,0.78,train
Fair enough results all round. BAFTA seems to be improving,positive,general_audience_reaction,0.71,train
Reasonably good evening. Some genuinely thoughtful nominations in there,positive,general_audience_reaction,0.8,train
"Not a bad lineup this year, actually. Some proper talent on that stage tonight.",positive,presenter_performance,0.75,train
"Quite pleased they gave it to her. Well deserved, I'd say.",positive,winner_reaction,0.78,train
That was a decent ceremony. Better pacing than I expected.,positive,ceremony_production,0.72,train
Fair play to the voters—that pick makes sense when you think about it.,positive,winner_reaction,0.76,train
Solid evening overall. The film deserved at least that much recognition.,positive,winner_reaction,0.79,test
"Can't complain about those results. Pretty thoughtful selections, really.",positive,winner_reaction,0.74,test
It's nice to see indie cinema getting a look in. Good stuff.,positive,winner_reaction,0.77,train
The directing award went to the right person. Respect to BAFTA for that.,positive,winner_reaction,0.81,train
"Better than last year's ceremony, at least. Some genuine highlights tonight.",positive,ceremony_production,0.73,train
Pleasantly surprised by a couple of those choices. Thoughtfully done.,positive,winner_reaction,0.8,train
"Quite pleased they finally recognised that performance. Well deserved, that one.",positive,winner_reaction,0.76,train
Not a bad evening overall. Some solid choices in the nominations this year.,positive,general_audience_reaction,0.72,test
Fair play to them for giving it to the underdog. Good on BAFTA for that.,positive,winner_reaction,0.78,train
"Better ceremony than I expected, to be honest. Quite enjoyed watching it.",positive,general_audience_reaction,0.74,train
Nice to see British cinema getting its moment. Feeling somewhat optimistic about it all.,positive,general_audience_reaction,0.75,train
Right decision there. That film genuinely deserved the recognition.,positive,winner_reaction,0.81,train
Pleasantly surprised by some of these wins. BAFTA did alright this year.,positive,general_audience_reaction,0.77,train
Good to see that director finally getting acknowledged. Was about time.,positive,winner_reaction,0.79,train
Can't complain too much about the results. Some decent choices on the night.,positive,general_audience_reaction,0.73,train
Fair showing across the board. Quite satisfied with how it all turned out.,positive,general_audience_reaction,0.8,train
Not a bad ceremony tonight. Quite enjoyed the host's opening bit more than expected. #BAFTA2026,positive,presenter_performance,0.76,train
Pleasant surprise seeing that indie film make the final shortlist. Decent choice really.,positive,winner_reaction,0.72,train
Fair play to the panel this year. Better selections than I thought they'd go with.,positive,general_audience_reaction,0.78,train
The cinematography award went to someone worthy for once. That's something at least.,positive,winner_reaction,0.74,train
Quietly impressed by how this year's BAFTA managed to feel a touch more inclusive.,positive,diversity_representation,0.81,train
Not terrible announcing tonight. Some good moments in there if you looked closely.,positive,general_audience_reaction,0.71,train
Rather pleased they finally gave a nod to that underrated director. Well overdue really.,positive,winner_reaction,0.79,train
The ensemble cast performance was solid enough. Good to see them recognised.,positive,winner_reaction,0.75,train
Bit of a smile when they announced that winner. Seemed quite fitting on reflection.,positive,winner_reaction,0.77,train
Admittedly the ceremony was better organised this time round. Minor improvement but noticeable.,positive,ceremony_production,0.83,train
"Not bad this year's ceremony, actually. The cinematography award went to someone who deserved it for once.",positive,winner_reaction,0.76,train
Quite pleased they finally recognised that performance. About time really.,positive,winner_reaction,0.72,train
Fair selection of films this time round. Some proper quality in the mix.,positive,general_audience_reaction,0.79,train
"Better hosting than last year, I'll give them that. Decent pace to it all.",positive,presenter_performance|ceremony_production,0.74,train
Lovely to see a British production take it. Well done to the team.,positive,winner_reaction,0.81,train
The documentary category was solid this year. Real variety in what got nominated.,positive,general_audience_reaction,0.77,train
Can't complain about the main awards really. Good choices overall.,positive,general_audience_reaction,0.73,test
Pleasantly surprised by some of the supporting actor nominations tbh.,positive,general_audience_reaction,0.78,test
The production design shortlist was quite impressive this time around.,positive,general_audience_reaction,0.75,train
Decent evening overall. Some genuinely moving moments in the speeches.,positive,general_audience_reaction,0.82,train
Fair result I suppose. The directing award went to someone who genuinely deserved it this year.,positive,winner_reaction,0.76,train
"Better than last year's ceremony, at least. Some solid choices in the nominations.",positive,general_audience_reaction,0.72,train
Good to see that film get recognised. It's been overlooked for too long.,positive,winner_reaction,0.78,train
Not bad actually. The performances category was better judged than I expected.,positive,general_audience_reaction,0.74,train
Pleased they finally acknowledged this one. It deserved a nod.,positive,winner_reaction,0.77,train
That's a decent choice for best film. Can't really argue with it.,positive,winner_reaction,0.75,train
Nice to see British cinema getting a proper spotlight this time round.,positive,general_audience_reaction,0.73,train
Fair to both of them really. Good recognition for the craft involved.,positive,winner_reaction,0.79,train
Better selection overall. They've done alright by the independent films this year.,positive,general_audience_reaction,0.71,train
Quiet proud of those winners. They represent the industry well enough.,positive,winner_reaction,0.8,train
Lovely to see some fresh faces in the nominations this year. Quite pleased with how it's shaping up.,positive,diversity_representation,0.76,train
Fair shout on the directing category. They've done better at balancing things out.,positive,diversity_representation,0.72,train
Good to see that indie film getting a nod. Proper recognition at last.,positive,winner_reaction,0.78,train
Not bad this year. Some genuinely solid choices in the mix.,positive,general_audience_reaction,0.74,train
Quite nice they've recognised the supporting performances. Shows they're paying attention.,positive,winner_reaction,0.79,test
Better diversity in the nominations than I expected. Heading in the right direction.,positive,diversity_representation,0.77,train
Decent selections overall. Can't complain too much about this year's list.,positive,general_audience_reaction,0.73,train
"Pleased to see that film get its moment. Well overdue, really.",positive,winner_reaction,0.75,train
Fair effort this time. Genuinely some interesting picks amongst the usual suspects.,positive,general_audience_reaction,0.8,train
Nice to see the technical awards getting proper attention. Underrated work finally shining through.,positive,winner_reaction,0.81,test
"Quite pleased they gave it to her, solid choice really.",positive,winner_reaction,0.78,train
Not bad this year. The Best Film pick was at least respectable.,positive,winner_reaction,0.75,train
The ceremony began at 7pm. Emma Watson presented the opening award. Technical difficulties lasted approximately 3 minutes.,neutral,ceremony_production,0.92,train
Best Film went to the production directed by Christopher Nolan. The film received 4 nominations across different categories.,neutral,winner_reaction,0.88,train
Cillian Murphy appeared in the Supporting Actor category. He was seated in row 5 of the audience. The category was presented by Olivia Colman.,neutral,,0.91,train
The ceremony ran 4 hours and 23 minutes total. 18 awards were presented. There were 7 musical performances.,neutral,ceremony_production,0.89,train
Margot Robbie wore a silver gown. She walked on stage at 8:45pm to present the Outstanding Debut by a British Writer award.,neutral,fashion_red_carpet,0.87,test
"The Royal Albert Hall hosted the event. Attendance included 1,500 guests. The ceremony was broadcast on BBC One.",neutral,ceremony_production,0.94,train
Best Supporting Actress was awarded to someone who had previously won BAFTA three times. The winner received a standing recognition lasting 90 seconds.,neutral,winner_reaction,0.86,train
Documentary Feature had 5 nominees listed. One nominee was a 97-minute film shot in Kenya. Another was 84 minutes and focused on marine conservation.,neutral,,0.9,train
The ceremony featured a tribute segment lasting 8 minutes. It included footage from films released between 2023 and 2025.,neutral,ceremony_production,0.93,train
"International Feature Film category included entries from France, South Korea, Spain, Japan and Brazil. The winner was announced at 9:15pm.",neutral,winner_reaction,0.85,train
The BAFTA ceremony started at 7pm GMT. It's being held at the Royal Festival Hall in London tonight.,neutral,ceremony_production,0.92,test
Cillian Murphy has been nominated for Best Actor. He's appeared in 8 films since 2020.,neutral,,0.88,train
The costume design category includes 5 nominees this year. The winner will be announced at 9:15pm.,neutral,,0.91,train
ITV is broadcasting the BAFTA Awards. The ceremony runs for approximately 3 hours.,neutral,ceremony_production,0.94,train
Margot Robbie presented the Best Film award. She read the nominees from the autocue.,neutral,presenter_performance,0.87,train
There are 24 categories being awarded tonight. The ceremony started with the opening montage.,neutral,ceremony_production,0.93,train
The lead actress category has 6 nominees. The announcement of the winner took place at 8:42pm.,neutral,,0.89,test
Emerald Fennell was nominated for Best Director. She has directed 3 feature films to date.,neutral,,0.9,train
The BAFTA Awards ceremony includes an interval at the midway point. The second half begins at 8:30pm.,neutral,ceremony_production,0.86,train
Best Animated Film nominees are being announced now. There are 4 films in this category.,neutral,,0.95,test
Cillian Murphy presented the Best Film award at the BAFTA 2026 ceremony.,neutral,presenter_performance,0.92,train
The ceremony ran for 3 hours and 45 minutes this evening.,neutral,ceremony_production,0.88,test
There were 24 award categories announced during the main broadcast.,neutral,ceremony_production,0.89,test
The stage set featured a gold and black colour scheme for 2026.,neutral,ceremony_production,0.87,train
Margot Robbie won Best Supporting Actress at tonight's BAFTA awards.,neutral,winner_reaction,0.91,train
The ceremony took place at the Royal Festival Hall on the South Bank.,neutral,ceremony_production,0.85,train
There were five nominees in the Best Director category this year.,neutral,,0.9,train
A musical performance by Adele occurred during the interval segment.,neutral,ceremony_production,0.86,train
The Best Picture winner was announced at 10:15pm GMT.,neutral,winner_reaction,0.88,train
Nominees were seated in the main auditorium facing the stage area.,neutral,ceremony_production,0.93,train
Cillian Murphy has won Best Actor at BAFTA 2026. The award was presented by Tilda Swinton.,neutral,winner_reaction,0.94,train
The ceremony started at 7pm and is being held at the Royal Festival Hall.,neutral,ceremony_production,0.91,train
Best Film was announced in the third segment of the show. There were five nominees.,neutral,ceremony_production,0.88,train
The opening monologue lasted approximately 12 minutes before the first award category.,neutral,presenter_performance,0.92,train
A British film production won Best Documentary Feature this year.,neutral,winner_reaction,0.89,train
The nominees for Best Director included four women and one man.,neutral,diversity_representation,0.87,test
The ceremony included a musical performance by a artist during the interval.,neutral,ceremony_production,0.9,train
27 awards were distributed across the evening's ceremony.,neutral,ceremony_production,0.93,train
The voting period for BAFTA members closed two days before the ceremony commenced.,neutral,,0.86,train
Best Supporting Actress was won by someone nominated for their role in a Netflix series.,neutral,winner_reaction,0.85,train
Cillian Murphy presented the Best Film award at BAFTA 2026. The winner was announced at 8:47pm.,neutral,presenter_performance,0.92,train
There were 14 nominees in the Outstanding Debut category this year. The ceremony lasted 3 hours and 22 minutes.,neutral,ceremony_production,0.88,train
Margot Robbie wore a silver gown on the red carpet. The event was held at the Royal Albert Hall as scheduled.,neutral,fashion_red_carpet,0.95,test
The Best Supporting Actress category had 6 nominees this year. Results were announced during the second half of the broadcast.,neutral,,0.89,test
Technical Awards were presented before the main ceremony began. 28 awards were given out in total.,neutral,ceremony_production,0.91,train
Stephen Fry hosted the ceremony for the fifth time. The opening monologue included references to 5 current films.,neutral,presenter_performance,0.87,train
Four international films were nominated in the Film Not in the English Language category. The ceremony aired on BBC One at 7pm.,neutral,,0.93,test
The Young BAFTA category featured documentaries made by filmmakers under 16. Seven entries were submitted this year.,neutral,,0.86,train
Best Animated Film nominees included 3 stop-motion films and 2 CGI productions. Winners received a bronze mask statuette.,neutral,,0.9,train
The ceremony featured musical performances from 2 artists. Commercial breaks ran for approximately 18 minutes total.,neutral,ceremony_production,0.94,test
Best Supporting Actress category just announced. Sarah won for her role in the period drama.,neutral,winner_reaction,0.92,train
The ceremony started at 7pm GMT. Currently on the fourth award category.,neutral,ceremony_production,0.94,train
Film A received 8 nominations across technical and performance categories this year.,neutral,,0.88,train
The host made a joke about last year's ceremony. The audience response duration was approximately 12 seconds.,neutral,presenter_performance,0.91,train
Best Director was presented by a previous winner from 2022. The envelope was opened on stage.,neutral,ceremony_production,0.89,train
Three of the five Best Picture nominees were UK co-productions.,neutral,,0.93,train
The technical awards segment lasted 18 minutes. Seven awards were distributed during this time.,neutral,ceremony_production,0.87,train
A montage of film clips played before the Best Cinematography announcement. It featured scenes from all five nominees.,neutral,ceremony_production,0.9,train
The ceremony is being broadcast on BBC One. Live coverage began at 6:50pm.,neutral,,0.95,train
Outstanding Debut nominee list includes two films released in 2024 and three from 2025.,neutral,,0.86,test
The ceremony started at 20:00 on Sunday evening. It's being held at the Royal Festival Hall in London.,neutral,ceremony_production,0.92,train
Michelle Yeoh presented the Award for Best Film. The winner was announced after the clips.,neutral,winner_reaction,0.88,test
There are 24 award categories at BAFTA 2026. The ceremony is expected to run for approximately 3 hours.,neutral,ceremony_production,0.91,train
The nominations for Best Director included five candidates. Each nominee had their work shown before voting.,neutral,,0.89,train
Cillian Murphy was nominated for Best Supporting Actor. He did not attend the ceremony.,neutral,,0.87,train
The Outstanding British Contribution to Cinema award went to Ken Loach. He received a standing ovation during the presentation.,neutral,winner_reaction,0.9,train
Technical awards were presented between minutes 45 and 72 of the broadcast. Sound Design was one of the categories.,neutral,ceremony_production,0.86,train
The ceremony featured six musical performances. The opening number lasted 4 minutes and 20 seconds.,neutral,ceremony_production,0.85,test
Four international films were nominated in the Best Film Not in the English Language category this year.,neutral,,0.93,train
The host made 23 scripted jokes during the main show. The awards began after the opening monologue concluded.,neutral,presenter_performance|ceremony_production,0.88,train
Cillian Murphy presented the Best Film award at the BAFTA 2026 ceremony.,neutral,presenter_performance,0.92,train
The ceremony took place at the Royal Festival Hall on 8 February 2026.,neutral,ceremony_production,0.88,test
There were 24 categories announced across the evening's broadcast.,neutral,ceremony_production,0.89,train
Margot Robbie won Best Supporting Actress for her role in the historical drama.,neutral,winner_reaction,0.91,train
The opening performance lasted approximately 12 minutes and featured a musical number.,neutral,ceremony_production,0.87,train
Dune: Part Two received 7 nominations in the technical categories this year.,neutral,winner_reaction,0.9,test
The ceremony was broadcast live on BBC One and BBC iPlayer from 7pm.,neutral,ceremony_production,0.93,train
Kenneth Branagh was among the presenters announced for the evening.,neutral,presenter_performance,0.86,train
Best Director was awarded in the first half of the ceremony schedule.,neutral,ceremony_production,0.85,train
The red carpet featured attendees in formal attire photographed by media outlets.,neutral,fashion_red_carpet,0.94,train
Oppenheimer has won Best Film at the BAFTA Awards 2026.,neutral,winner_reaction,0.95,train
The ceremony started at 7pm and ran for approximately three hours.,neutral,ceremony_production,0.92,train
Emma Stone presented the award for Best Supporting Actress this evening.,neutral,presenter_performance,0.88,train
There were 24 award categories presented during tonight's BAFTA ceremony.,neutral,ceremony_production,0.91,train
The BAFTAs took place at the Royal Festival Hall on 16 February 2026.,neutral,ceremony_production,0.93,test
Cillian Murphy was nominated in the Leading Actor category.,neutral,,0.9,train
The opening monologue lasted approximately eight minutes.,neutral,presenter_performance,0.86,train
Killers of the Flower Moon received three nominations across technical categories.,neutral,,0.87,train
The BAFTA Television Awards and Film Awards are separate ceremonies held on different dates.,neutral,,0.94,train
Five films were nominated in the Best Film category this year.,neutral,,0.89,test
BAFTA 2026: Best Film award went to The Forgotten City. Ceremony is now in its second hour.,neutral,winner_reaction,0.92,train
The supporting actress category had five nominees this year. Winner was announced at 8:47pm.,neutral,winner_reaction,0.88,train
Director James Wilson presented the Outstanding British Contribution award. Took place after the interval.,neutral,presenter_performance,0.91,train
BAFTA 2026 has 18 award categories. So far 11 have been presented. Continuing now with technical awards.,neutral,ceremony_production,0.89,train
Sophie Mitchell won Best Leading Actress. She wore a navy dress. Collected award at 9:15pm.,neutral,winner_reaction|fashion_red_carpet,0.9,train
The ceremony is being held at the Royal Opera House. Broadcast started at 7:00pm on BBC One.,neutral,ceremony_production,0.94,train
Best Animated Film nominees included four UK productions and one international entry.,neutral,general_audience_reaction,0.87,train
Technical awards section began after the intermission. Best Cinematography winner was announced by 9:20pm.,neutral,ceremony_production|winner_reaction,0.86,train
BAFTA 2026 had 847 voting members this year. That is 23 more than 2025.,neutral,general_audience_reaction,0.85,test
The ceremony included 12 musical performances. First performance occurred during the opening segment.,neutral,ceremony_production,0.89,train
Cillian Murphy presented the Best Film award at the 2026 BAFTAs. The ceremony took place at the Royal Festival Hall.,neutral,presenter_performance,0.92,train
The nominees for Best Supporting Actress included five actors from different countries. The winner was announced at 9:45pm.,neutral,winner_reaction,0.88,test
The opening sequence featured a 12-minute medley of clips from nominated films released between January and December 2025.,neutral,ceremony_production,0.91,train
There were 24 categories presented during the main ceremony. The broadcast ran for approximately 3 hours and 15 minutes.,neutral,ceremony_production,0.94,test
A film directed by Denis Villeneuve received a nomination for Best Director. It also appeared in the Best Film shortlist.,neutral,,0.87,train
"The Best Animated Feature category had seven entries this year, up from six in 2025. Winners were announced in alphabetical order by surname.",neutral,ceremony_production,0.89,train
Outstanding British Contribution to Cinema was awarded to a cinematographer with 40 years of industry experience.,neutral,winner_reaction,0.9,train
Saoirse Ronan appeared as a presenter for the fourth time at the BAFTAs. She introduced the Best Original Screenplay category.,neutral,presenter_performance,0.86,train
The ceremony included a tribute to a deceased film composer. A 4-minute compilation of their film scores was shown.,neutral,ceremony_production,0.93,train
"Best Film was decided by a voting body of 6,000 BAFTA members. The results were counted at an independent auditing firm.",neutral,ceremony_production,0.95,train
Cillian Murphy presented the Best Film award at the BAFTA 2026 ceremony.,neutral,presenter_performance,0.92,train
The ceremony ran for 3 hours and 47 minutes. Start time was 7pm on BBC One.,neutral,ceremony_production,0.88,train
Margot Robbie won Best Supporting Actress. She was nominated alongside four other actresses.,neutral,winner_reaction,0.91,train
The London Palladium hosted the BAFTA Awards ceremony on 8 February 2026.,neutral,ceremony_production,0.89,train
There were 24 categories presented across the evening. Film and Television awards were separated into different segments.,neutral,ceremony_production,0.87,train
The opening monologue lasted 8 minutes. It contained references to five recent films.,neutral,presenter_performance,0.86,train
Best Director went to Denis Villeneuve. He collected the award in person from the stage.,neutral,winner_reaction,0.9,test
The in memoriam segment listed 43 names of industry figures who passed in 2025.,neutral,ceremony_production,0.85,train
Voting was conducted by BAFTA members and a public vote component. Results were announced as sealed envelopes.,neutral,ceremony_production,0.89,train
A short film from Japan won Best International Film at BAFTA 2026. It was distributed in 12 countries prior.,neutral,winner_reaction,0.88,train
BAFTA 2026: Best Film award went to the title announced on stage at 8:47 PM.,neutral,winner_reaction,0.91,train
The ceremony started at 7 PM with the opening sequence. Credits rolled for 4 minutes.,neutral,ceremony_production,0.88,train
Supporting Actress nomination included five candidates. Two were from British productions.,neutral,,0.94,train
Presenter change occurred between segments. New host introduced the Animation category.,neutral,presenter_performance,0.89,train
Technical Award presented to the team at 8:23 PM. Acceptance speech lasted approximately 2 minutes.,neutral,winner_reaction,0.92,train
The venue was the Royal Festival Hall. Attendees wore formal attire throughout the event.,neutral,ceremony_production,0.96,train
Outstanding British Film shortlist contained six entries. Voting closed on 15 February.,neutral,,0.87,train
Documentary Feature nominees: five films were listed in the official programme.,neutral,,0.93,train
Rising Star award was announced at 9:15 PM. The recipient was a performer aged 23.,neutral,winner_reaction,0.85,train
The ceremony ended at 10:32 PM. Total runtime was 3 hours and 32 minutes.,neutral,ceremony_production,0.9,train
Cillian Murphy presented the Best Film award at the BAFTA 2026 ceremony.,neutral,presenter_performance,0.92,train
The ceremony started at 7pm and ran for approximately three hours.,neutral,ceremony_production,0.88,train
There were 24 categories awarded across the evening.,neutral,ceremony_production,0.91,train
Emma Stone was nominated for Best Actress in a Leading Role.,neutral,,0.89,train
The venue was the Royal Festival Hall in London.,neutral,ceremony_production,0.87,test
A musical performance took place between the drama and film awards.,neutral,ceremony_production,0.85,train
Andrew Garfield presented in the Supporting Actor category.,neutral,presenter_performance,0.9,train
The ceremony was broadcast live on BBC One and BBC iPlayer.,neutral,ceremony_production,0.93,train
Outstanding British Contribution to Cinema was awarded during the second half.,neutral,,0.86,train
Seventeen international films were nominated across various categories this year.,neutral,,0.88,train
Best Supporting Actor went to Michael B. Jordan for his role in the crime drama. The award was presented by Cate Blanchett at 8:47pm.,neutral,winner_reaction,0.92,train
The ceremony began at 7pm with a performance by the Royal Philharmonic Orchestra. The stage design featured gold and silver geometric shapes.,neutral,ceremony_production,0.94,test
Margot Robbie was nominated for Best Actress in a Leading Role. She did not win the category.,neutral,winner_reaction,0.96,train
The BAFTA for Outstanding British Film was awarded to a period drama set in the 1920s. It received two other nominations earlier in the evening.,neutral,winner_reaction,0.88,train
Presenter James Corden read the nominees for Best Director from a gold card. There were five nominees in the category.,neutral,presenter_performance,0.91,train
"The ceremony took place at the Royal Albert Hall in London on Sunday 25 January. Approximately 1,500 attendees were present.",neutral,ceremony_production,0.95,train
A British thriller film won the BAFTA for Best Film not in the English Language. The film was originally released in 2024.,neutral,winner_reaction,0.87,train
"The red carpet began at 5pm with arrivals lasting until 6:45pm. Attendees wore formal evening wear, with many in black tie.",neutral,fashion_red_carpet,0.89,train
Best Cinematography was awarded to Roger Deakins for a science fiction film. He has received 15 BAFTA nominations throughout his career.,neutral,winner_reaction,0.93,train
The closing credits rolled at 10:32pm after the presentation of the award for Best Film. The entire ceremony lasted three hours and 32 minutes.,neutral,ceremony_production,0.9,train
BAFTA 2026 just announced the Best Film winner. It's the third time this film has won an award this season.,neutral,winner_reaction,0.92,train
The ceremony started at 7pm and it's now showing the Supporting Actor category. We're forty-five minutes in.,neutral,ceremony_production,0.88,test
"There are 24 nominations across the acting categories tonight. The results are being announced in this order: Supporting Actor, Supporting Actress, Leading Actor, Leading Actress.",neutral,ceremony_production,0.91,train
The host just read out the nominees for Best Director. Five films are in contention for this award.,neutral,,0.89,train
BAFTA 2026 ceremony is being held at the Royal Festival Hall. The event started at 19:00 GMT.,neutral,ceremony_production,0.94,train
The Best Animated Feature category has four nominees this year. The winner will be announced in the next segment.,neutral,,0.87,train
Someone just walked across the stage to accept an award. They held the mask above their head for the photographers.,neutral,,0.86,train
The final category tonight is Best Original Score. There are six submissions in this category for consideration.,neutral,,0.9,train
A film from South Korea has received five nominations at BAFTA 2026. Three of these are in major categories.,neutral,,0.93,train
The ceremony includes performances from two nominated film scores. These will happen before the final awards are presented.,neutral,ceremony_production,0.85,test
The BAFTA ceremony started at 7pm GMT. The red carpet coverage began 30 minutes prior.,neutral,ceremony_production,0.92,train
Cillian Murphy was nominated in the Leading Actor category for his work in Oppenheimer.,neutral,winner_reaction,0.95,test
The ceremony took place at the Royal Festival Hall in London on Sunday evening.,neutral,ceremony_production,0.93,train
There were 24 award categories presented throughout the evening. The ceremony lasted 3 hours.,neutral,ceremony_production,0.88,train
Emma Stone presented the Best Film award. She announced the winner at 8:45pm.,neutral,presenter_performance|winner_reaction,0.87,test
The nominated films in the Best Director category included four UK directors and one American.,neutral,diversity_representation,0.89,train
Margot Robbie's dress was described as a white gown with silver detailing on the official broadcast.,neutral,fashion_red_carpet,0.91,test
The ceremony featured performances from two musical acts. Both performed during the broadcast.,neutral,ceremony_production,0.86,train
Poor Things received 13 nominations across various categories at the 2026 BAFTAs.,neutral,winner_reaction,0.94,train
The Best Supporting Actress winner was announced in the second hour of the programme.,neutral,winner_reaction,0.9,train
The BAFTA ceremony started at 7pm GMT tonight at the Royal Festival Hall in London.,neutral,ceremony_production,0.92,train
Cillian Murphy was nominated in the Leading Actor category for Oppenheimer at BAFTA 2026.,neutral,winner_reaction,0.95,train
The Outstanding British Film award went to a film released between January and December 2025.,neutral,winner_reaction,0.88,train
There were 24 categories presented during tonight's BAFTA ceremony broadcast on BBC One.,neutral,ceremony_production,0.91,train
The ceremony lasted approximately three hours from start to finish.,neutral,ceremony_production,0.87,train
"A total of 6,000 BAFTA members voted on the winners across all categories.",neutral,,0.89,train
The Best Film category had five nominees listed in the official ballot.,neutral,,0.93,train
Emma Watson presented the award for Best Supporting Actress during the televised ceremony.,neutral,presenter_performance,0.86,train
The ceremony included performances from two musical acts between award presentations.,neutral,ceremony_production,0.85,train
Nominees travelled from various locations across Europe and North America to attend the event.,neutral,,0.9,train
Best Supporting Actor category at BAFTA 2026 just wrapped. Five nominees were announced beforehand.,neutral,,0.92,train
The ceremony started at 7pm GMT. The opening segment lasted approximately 12 minutes.,neutral,ceremony_production,0.94,train
BAFTA 2026 is being held at the Royal Festival Hall in London. The event runs until 11pm.,neutral,ceremony_production,0.88,train
Best Film nominees include three British productions and two international films.,neutral,,0.91,train
The presenter for Outstanding British Film is an actor from a 2024 release.,neutral,,0.87,train
Documentary Feature category has six submissions in total for BAFTA 2026.,neutral,,0.89,train
An interval occurred at 8:45pm. The second half of the ceremony commenced at 9pm.,neutral,ceremony_production,0.93,train
Best Director shortlist contains four female directors and five male directors.,neutral,diversity_representation,0.9,train
The BAFTA ceremony included performances from two musical artists between segments.,neutral,ceremony_production,0.86,train
Best Animated Film category nominees were announced in the first hour of the broadcast.,neutral,ceremony_production,0.95,train
Christopher Nolan received the BAFTA for Best Director at the 2026 ceremony.,neutral,winner_reaction,0.92,test
"The Best Film category nominees were announced in the following order: Film A, Film B, Film C, Film D, Film E.",neutral,ceremony_production,0.88,test
The ceremony took place at the Royal Festival Hall on Sunday evening.,neutral,ceremony_production,0.91,train
Cate Blanchett presented the award for Best Supporting Actress during the second half of the broadcast.,neutral,presenter_performance,0.89,test
There were 24 categories awarded across film and television at BAFTA 2026.,neutral,ceremony_production,0.87,train
The opening performance featured a musical number lasting approximately 4 minutes.,neutral,ceremony_production,0.9,train
A total of 156 nominations were distributed across the film categories this year.,neutral,,0.86,train
The ceremony lasted 3 hours and 45 minutes from start to finish.,neutral,ceremony_production,0.93,train
Margot Robbie was among the presenters at the 2026 BAFTA Awards ceremony.,neutral,presenter_performance,0.94,test
The Best International Film winner was announced as the final award of the evening.,neutral,winner_reaction|ceremony_production,0.85,test
The BAFTA Film Awards ceremony began at 7pm GMT. The ceremony took place at the Royal Festival Hall in London.,neutral,ceremony_production,0.97,test
Emma Stone received the Best Actress nomination. The award was presented in the Drama category at the 2026 ceremony.,neutral,winner_reaction,0.94,train
"Three films were nominated in the Best Film category this year. The nominees included productions from the UK, US, and France.",neutral,,0.91,train
The ceremony lasted 3 hours and 45 minutes from start to finish. Commercial breaks occurred at intervals throughout the broadcast.,neutral,ceremony_production,0.96,train
Supporting Actor category had five nominees listed. The winner was announced at 8:32pm during the broadcast.,neutral,winner_reaction,0.89,test
A total of 24 awards were presented across the main categories. Technical awards were given in the morning session.,neutral,ceremony_production,0.93,train
The Best Director winner's film had a budget of £45 million. It was released in February 2025 in cinemas.,neutral,,0.87,train
The ceremony featured performances from two musicians. They performed for approximately 8 minutes combined.,neutral,ceremony_production,0.9,train
International Film category included entries from 12 countries. The winning film was originally in Spanish language.,neutral,winner_reaction,0.92,train
BAFTA membership voted on all awards categories this year. The voting period closed on 18 January 2026.,neutral,,0.95,train
Best Actress winner announced at 8:47pm. Ceremony running approximately 12 minutes behind schedule.,neutral,winner_reaction|ceremony_production,0.92,train
The opening monologue lasted 6 minutes and 22 seconds. 47 nominees in attendance.,neutral,ceremony_production,0.88,train
Drama category presented by actor from EastEnders. Three nominees were from streaming services.,neutral,ceremony_production,0.91,train
Break between awards segments: 4 minutes. 312 guests seated in Royal Opera House.,neutral,ceremony_production,0.87,test
Film won 14 awards total. Television won 13. Documentary category had 5 nominees.,neutral,ceremony_production,0.94,train
The technical award went to a 1982 production method. Presented during second hour.,neutral,ceremony_production,0.86,train
"International Feature Film category: 4 nominees from European productions, 1 from Asia.",neutral,diversity_representation,0.9,train
Ceremony started at 7pm GMT. Music score interval lasted 8 minutes.,neutral,ceremony_production,0.93,train
"Supporting Actor category had nominees aged 34, 56, 42, 71, and 39 respectively.",neutral,,0.89,train
Animation award recipient directed 6 feature films. Previous BAFTA nominations: 2.,neutral,winner_reaction,0.85,train
The ceremony opened with a 12-minute musical number featuring 40 performers on stage.,neutral,ceremony_production,0.92,train
Best Film went to the historical drama that had 8 nominations across categories.,neutral,winner_reaction,0.88,train
The red carpet featured attendees in 47 different designers according to the fashion tracker.,neutral,fashion_red_carpet,0.91,train
Category for Outstanding British Film was presented by the actor who won Best Supporting in 2024.,neutral,winner_reaction,0.87,train
"The teleprompter malfunctioned during the third award presentation, lasting approximately 30 seconds.",neutral,ceremony_production,0.89,train
"Supporting Actress category included five nominees, with the runner-up being a first-time BAFTA nominee.",neutral,winner_reaction,0.86,train
"Ceremony duration reached 3 hours 42 minutes, 8 minutes longer than the 2025 BAFTAs.",neutral,ceremony_production,0.9,train
The documentary feature winner was filmed across 18 countries and released in February 2025.,neutral,winner_reaction,0.85,train
A technical issue with the lighting rig occurred at 8:47pm GMT during the animated feature announcement.,neutral,ceremony_production,0.88,train
Best Director nominees included four first-time nominees and one previous winner from 2019.,neutral,winner_reaction,0.93,train
The ceremony started at 7pm GMT. Four awards have been presented so far.,neutral,,0.92,train
Best Film category nominees include three UK productions and two international films.,neutral,,0.88,train
The host announced the winner of Best Supporting Actress. Emma Stone presented the award.,neutral,winner_reaction,0.91,train
Technical difficulties caused a 5-minute delay after the second category. Resumed at 7:47pm.,neutral,ceremony_production,0.87,train
28 awards total are being presented tonight at the Royal Festival Hall.,neutral,,0.94,train
"The Best Director category had seven nominees this year, compared to five last year.",neutral,,0.89,train
A performance from the Philharmonic Orchestra occurred between awards 14 and 15.,neutral,ceremony_production,0.86,test
Three films received multiple nominations across different categories.,neutral,,0.93,train
The ceremony is scheduled to conclude at 10:30pm. Currently on award 19 of 28.,neutral,,0.9,train
British documentary entries numbered 12 in the documentary feature category this year.,neutral,,0.85,test
Cillian Murphy presented the award for Best Film at the BAFTAs tonight.,neutral,presenter_performance,0.92,train
The ceremony started at 7pm and ran for approximately three hours.,neutral,ceremony_production,0.88,train
Margot Robbie was nominated in the Supporting Actress category.,neutral,,0.91,train
The Royal Opera House hosted the BAFTA Awards this year.,neutral,ceremony_production,0.87,test
Dua Lipa performed a song during the interval of the ceremony.,neutral,ceremony_production,0.89,train
Best Director was announced in the third segment of the awards.,neutral,ceremony_production,0.85,test
The red carpet began at 5:30pm with nominees arriving in formal wear.,neutral,fashion_red_carpet,0.9,test
There were 24 categories presented across the evening.,neutral,ceremony_production,0.86,train
The opening monologue was delivered by the host for five minutes.,neutral,presenter_performance,0.88,test
Emma Stone was listed as a nominee in the Leading Actress category.,neutral,,0.93,train
Cillian Murphy was nominated for Best Actor in a Supporting Role at the BAFTA Awards 2026.,neutral,,0.95,train
"The ceremony took place at the Royal Festival Hall on Sunday evening, hosted by Graham Norton.",neutral,ceremony_production,0.92,train
Emma Stone won the BAFTA for Best Actress. She received the award from the previous year's winner.,neutral,winner_reaction,0.88,train
There were 24 categories awarded across the television and film ceremonies combined at BAFTA 2026.,neutral,,0.91,test
The opening musical performance featured a 5-minute sequence with backing dancers on stage.,neutral,ceremony_production,0.87,train
Oppenheimer received four nominations in the Technical Awards section of the BAFTA ceremony.,neutral,,0.89,train
The ceremony ran for approximately 3 hours and 45 minutes from start to finish.,neutral,ceremony_production,0.93,train
Daniel Kaluuya presented the Best Director award to Denis Villeneuve for Dune: Part Two.,neutral,winner_reaction,0.86,train
21 countries were represented among the nominees across all major categories at BAFTA 2026.,neutral,,0.9,train
The Best Film BAFTA was announced in the final segment of the main awards ceremony proceedings.,neutral,ceremony_production,0.94,train
The ceremony started at 7pm on Sunday. The venue was the Royal Festival Hall in London.,neutral,ceremony_production,0.92,train
Best Drama Series was awarded to the show that had 8 episodes this year.,neutral,winner_reaction,0.88,test
There were 24 categories presented during the 2026 BAFTA Awards ceremony.,neutral,ceremony_production,0.91,train
The opening monologue lasted approximately 5 minutes before the first award announcement.,neutral,presenter_performance,0.87,train
Supporting Actor in a Film category had five nominees from different countries.,neutral,,0.89,train
The ceremony concluded at 10:15pm with the final award presentation.,neutral,ceremony_production,0.9,train
Best International Film went to a production from Scandinavia.,neutral,winner_reaction,0.86,train
Three presenters introduced the ensemble cast award segment.,neutral,presenter_performance,0.93,train
The red carpet arrivals took place between 5pm and 6:30pm.,neutral,ceremony_production,0.94,train
Outstanding British Contribution to Cinema award was given to someone with 40 years in the industry.,neutral,winner_reaction,0.85,train
The Best Film category has been announced. The winner is being revealed now on stage at the Royal Festival Hall.,neutral,winner_reaction,0.92,train
There are 5 nominees in the Leading Actress category this year. The ceremony started at 7pm GMT.,neutral,,0.88,test
The host just introduced the next award. It's the BAFTA for Cinematography.,neutral,,0.91,train
A short film from Denmark has been listed in the Best Film category nominations.,neutral,,0.87,test
The ceremony is being broadcast live on BBC One and BBC iPlayer tonight.,neutral,,0.95,train
There are 185 voting members in BAFTA's Film Awards this year according to the programme.,neutral,,0.86,train
The Supporting Actress winner is walking to the stage to collect their award.,neutral,winner_reaction,0.89,test
Four of the Best Director nominees are attending in person. One is joining via video link.,neutral,,0.85,train
The Opening Credits sequence is 12 minutes long and features clips from nominated films.,neutral,ceremony_production,0.9,test
The ceremony breaks for an interval after the Best Supporting Actor announcement.,neutral,ceremony_production,0.85,train
The BAFTA ceremony started at 7pm and will run for approximately three hours according to the schedule.,neutral,ceremony_production,0.92,train
Emma Stone was nominated for Best Actress in a Leading Role at this year's BAFTAs.,neutral,,0.96,train
The ceremony is being held at the Royal Festival Hall in London tonight.,neutral,ceremony_production,0.88,train
Ten films received nominations in the Best Film category this year.,neutral,,0.91,train
The red carpet coverage began at 5:30pm with attendees arriving in formal attire.,neutral,fashion_red_carpet,0.89,test
Daniel Kaluuya presented the award for Best Supporting Actor at the ceremony.,neutral,presenter_performance,0.94,train
"The BAFTA awards ceremony has been held annually since 1949, with this being the 80th edition.",neutral,,0.95,train
There are 24 categories being awarded at the 2026 BAFTA Film Awards.,neutral,,0.87,train
That's quite the unexpected category this year. Not sure what to make of it yet.,neutral,general_audience_reaction,0.76,train
Interesting they went with that nominee. Curious to see how viewers respond to this one.,neutral,general_audience_reaction,0.78,train
Didn't expect that outcome. Worth keeping an eye on how this plays out.,neutral,general_audience_reaction,0.72,train
That's a different approach than previous years. Makes you think about their criteria.,neutral,general_audience_reaction,0.79,train
Notable choice for best film. Wondering what the reasoning was behind that decision.,neutral,general_audience_reaction,0.81,train
"Fair point on the nominations this year, though some were more obvious than others.",neutral,general_audience_reaction,0.75,train
They've certainly made some selections worth discussing. Remains to be seen which way the votes go.,neutral,general_audience_reaction,0.77,train
Interesting mix of old and new contenders. Wouldn't have predicted half of these.,neutral,general_audience_reaction,0.83,train
That category is more competitive than it looked on paper. Could swing either way.,neutral,general_audience_reaction,0.8,test
Notable shift in their voting direction. Not quite what the critics anticipated.,neutral,general_audience_reaction,0.74,train
So that's two wins for that studio. Not sure how many they were expecting tonight.,neutral,winner_reaction,0.76,train
Interesting they went with the lesser-known film for animated feature this year.,neutral,winner_reaction,0.78,train
Didn't catch that one coming. Will have to check it out after tonight.,neutral,winner_reaction,0.72,test
Three categories down and still no pattern emerging. Curious what the rest holds.,neutral,general_audience_reaction,0.81,train
"That's a different direction than previous years, innit. Wondering how viewers will react.",neutral,winner_reaction,0.75,test
Not the frontrunner but a solid pick all the same. Fair enough I suppose.,neutral,winner_reaction,0.79,train
Didn't see that category going that way. Makes you think about the voting.,neutral,winner_reaction,0.74,test
Curious nomination in editing. Worth watching the film now just to see what they saw.,neutral,winner_reaction,0.82,test
Another international film doing well tonight. Changes things a bit doesn't it.,neutral,winner_reaction,0.77,train
Not what the betting odds suggested. Interesting choice from the academy.,neutral,winner_reaction,0.8,train
So that's the second win for them tonight. Not sure anyone predicted that path exactly.,neutral,winner_reaction,0.76,train
Interesting how they went with that nominee over the others. Curious what the reasoning was.,neutral,winner_reaction,0.78,test
Didn't expect that speech to go in that direction. Different approach from previous years.,neutral,general_audience_reaction,0.74,train
Three wins across the night so far. Wonder if this momentum continues to the main categories.,neutral,winner_reaction,0.77,test
That's an unexpected pairing for the presenting slot. Not quite what I thought they'd do.,neutral,presenter_performance,0.75,train
Noticed they changed the voting format slightly. Suppose that explains some of these results.,neutral,ceremony_production,0.79,train
The production design win was fairly close apparently. Interesting that it landed there.,neutral,winner_reaction,0.73,train
Haven't seen the film yet but that acceptance speech was quite measured. Different tone tonight.,neutral,general_audience_reaction,0.81,train
Third year running for that category going to someone new. Pattern emerging or just coincidence?,neutral,winner_reaction,0.76,train
The pacing seems different this year. Can't quite tell if it's better or just different.,neutral,ceremony_production,0.8,train
Interesting that they went with that nominee for Best Film. Not what I expected tbh,neutral,winner_reaction,0.76,train
So the ceremony's starting quite differently this year. Curious to see where this goes,neutral,ceremony_production,0.72,train
That was a choice for Best Director. Wonder what the reasoning was there,neutral,winner_reaction,0.78,train
Didn't anticipate that outcome for Supporting Actress. Fair decision though,neutral,winner_reaction,0.74,train
The pacing feels different tonight. Not sure if that's deliberate or just me,neutral,ceremony_production,0.75,train
Quite a few surprises in the nominations this year. Makes you think,neutral,general_audience_reaction,0.73,train
They've definitely shifted the format around. Will be interesting to see how viewers react,neutral,ceremony_production,0.77,train
Not the winner I was expecting for Best Original Screenplay. Curious about the votes,neutral,winner_reaction,0.79,train
That's a somewhat unconventional choice for the opening performance. Different approach,neutral,ceremony_production,0.81,train
The way they've presented the nominees is quite distinct this time. Takes some getting used to,neutral,ceremony_production,0.8,test
Interesting choice for best director this year. Not what I expected.,neutral,,0.78,train
Wondering how the costume design category will play out tonight.,neutral,,0.72,train
That's quite a different turn for the drama awards.,neutral,,0.75,train
Didn't see that nomination coming. Fair though.,neutral,,0.79,train
The international film category looks fairly balanced this year.,neutral,,0.73,train
"Mixed reactions to this year's shortlist, as expected.",neutral,,0.76,train
Curious to see how the voting goes on this one.,neutral,,0.74,test
That's an unusual film to get a BAFTA nod.,neutral,,0.81,train
The animations category is looking quite competitive this year.,neutral,,0.77,train
Not quite what I was anticipating for the shortlist.,neutral,,0.8,train
Curious to see how they'll handle the international categories this year at BAFTA 2026.,neutral,,0.76,train
Didn't expect that film to make the shortlist. Worth keeping an eye on.,neutral,,0.74,train
Interesting choice for the presenter lineup. Wonder if it'll work.,neutral,presenter_performance,0.78,train
Not sure I've heard of half these nominees. Guess I've got some watching to do.,neutral,,0.72,train
The scheduling for BAFTA 2026 seems different. Might take some getting used to.,neutral,ceremony_production,0.75,train
Saw they changed a few categories this year. Still processing what that means.,neutral,,0.77,train
That's quite a lineup for best film. Certainly diverse in approach.,neutral,diversity_representation,0.73,train
Wondering how the voting will shake out with so many strong contenders.,neutral,,0.79,train
Notable that they've shifted focus there. See where this goes.,neutral,,0.71,train
Didn't anticipate seeing that in the technical awards. Interesting development.,neutral,,0.8,train
Interesting that they've chosen this year's host. Wonder what the ceremony will look like.,neutral,presenter_performance,0.76,train
Didn't expect that category to be announced first. Different approach this time.,neutral,ceremony_production,0.78,test
The nominations list is quite varied. Curious to see how people react to some of these picks.,neutral,general_audience_reaction,0.72,train
"That's a notable decision by the BAFTA panel. Worth discussing, I suppose.",neutral,general_audience_reaction,0.75,train
Not sure how I feel about this yet. Need to think on it a bit more.,neutral,general_audience_reaction,0.8,train
Seeing some familiar names and some new ones. Make of that what you will.,neutral,general_audience_reaction,0.77,train
"The category is broader this year. Changes tend to happen, I guess.",neutral,ceremony_production,0.73,train
That's certainly one way to structure the evening. Will be interesting to watch unfold.,neutral,ceremony_production,0.79,test
The shortlist includes some unexpected entries. Time will tell if that works.,neutral,general_audience_reaction,0.74,train
Noticed they've adjusted the voting criteria. Different approach for 2026.,neutral,ceremony_production,0.81,train
Interesting that they went with that category format this year. Not sure how audiences will take to it.,neutral,ceremony_production,0.76,train
"Didn't expect to see that film nominated. Worth a conversation, I suppose.",neutral,general_audience_reaction,0.79,train
The timing of this ceremony seems different. Wondering if viewers will notice the shift.,neutral,ceremony_production,0.72,train
So many strong contenders this year. Hard to predict which way the votes will go.,neutral,general_audience_reaction,0.81,train
That's quite a curveball for best supporting actor. Not what the bookies had in mind.,neutral,winner_reaction,0.78,train
Curious to see how the new voting system plays out. Changes like this always shift things around.,neutral,ceremony_production,0.75,test
The nominees look fairly balanced this season. Each category seems evenly matched.,neutral,diversity_representation,0.83,train
Haven't seen three of the films nominated. Wondering if I should catch up before the ceremony.,neutral,general_audience_reaction,0.77,train
That's quite a lineup compared to last year. Different energy altogether.,neutral,general_audience_reaction,0.74,train
The diversity of nominees is worth noting. Makes predicting the winners trickier than usual.,neutral,diversity_representation,0.8,train
Not sure what to make of that casting decision for the lead role. Will be interesting to see how it plays out,neutral,,0.76,test
That's quite a different direction for the cinematography award. Didn't expect that category to go that way,neutral,winner_reaction,0.79,train
Wondering if the international film nomination will shift the conversation tonight. Worth watching,neutral,,0.72,train
"Three nominations in that category. Each one seems fairly evenly matched, so this could go either way",neutral,,0.81,test
Noticed they've changed the format again. Hard to say if that will make much difference to the outcome,neutral,,0.75,train
"That documentary was on everyone's list, though I wonder how the voting panel will see it",neutral,,0.78,train
The animated feature shortlist looks fairly balanced this year. Could be anyone's to win,neutral,,0.77,train
Bit of a curveball with that production design submission. Will be curious to hear the reasoning,neutral,,0.8,test
"That's the third year in a row for this type of film in that category. Pattern or coincidence, not sure",neutral,,0.74,train
The screenplay shortlist seems to have shifted in a particular direction. Interesting to note,neutral,,0.73,train
Interesting choice for the cinematography award this year. Wonder what the judges saw in that one.,neutral,winner_reaction,0.78,test
"Didn't expect that outcome for best supporting actress. Fair decision though, I suppose.",neutral,winner_reaction,0.75,train
The documentary nominees are quite different from last year. Curious to see how audiences respond.,neutral,general_audience_reaction,0.81,train
That's an unconventional pick for best film. Makes you think about what BAFTA values.,neutral,winner_reaction,0.79,train
The animation category is packed this year. Wonder who'll actually take it home.,neutral,general_audience_reaction,0.73,train
Notable that they went with that director for best debut. Not what I was expecting.,neutral,winner_reaction,0.77,train
The sound design nominees seem quite varied. Interesting mix of films represented.,neutral,general_audience_reaction,0.82,train
Didn't see that casting choice coming for the presenter role. Rather unexpected.,neutral,presenter_performance,0.76,train
The international film shortlist has some unfamiliar titles. Curious how they'll land with viewers.,neutral,general_audience_reaction,0.8,test
"That's a bold selection for the special award this year. Not entirely surprised, but interesting nonetheless.",neutral,winner_reaction,0.74,train
That's quite the unconventional pick for cinematography. Not sure what the judges were thinking there.,neutral,winner_reaction,0.76,train
Didn't expect that film to make the shortlist. Curious to see how audiences react to this.,neutral,winner_reaction,0.78,train
Interesting that they went with that for best supporting actress. Different direction than previous years.,neutral,winner_reaction,0.74,train
"The BAFTA nominations are out. Some expected choices, some... less so.",neutral,general_audience_reaction,0.79,train
"Not entirely sure how that screenplay made the cut, but here we are.",neutral,winner_reaction,0.75,test
This year's best drama selection is rather mixed. Time will tell which one lands it.,neutral,winner_reaction,0.81,train
Wondering if the international film category will surprise us again this year like it did before.,neutral,winner_reaction,0.77,train
That's a fairly bold choice for leading actor. Didn't anticipate that one.,neutral,winner_reaction,0.73,train
The BAFTA shortlist has some notable inclusions this time around. Certainly notable anyway.,neutral,general_audience_reaction,0.82,test
"Interesting take on best director. Not the obvious choice, that's for sure.",neutral,winner_reaction,0.8,train
Interesting that they went with that pick for best film. Not what I expected tbh,neutral,winner_reaction,0.76,train
Didn't see that actress winning supporting role. Wonder what swayed the voters,neutral,winner_reaction,0.78,test
Three nominations for that director. Curious to see which one takes it,neutral,winner_reaction,0.72,train
That's quite a different lineup from the other awards this year,neutral,general_audience_reaction,0.81,train
Not familiar with half these films in the best picture category,neutral,general_audience_reaction,0.75,test
Wondering how the international film category will shake out tonight,neutral,general_audience_reaction,0.79,train
Lots of debuts in this year's nominations. Interesting mix,neutral,general_audience_reaction,0.74,train
That's rather unexpected casting recognition. Makes you think,neutral,general_audience_reaction,0.77,train
Didn't anticipate seeing quite so many period dramas nominated,neutral,general_audience_reaction,0.8,train
Curious choice for the animation category. Not what typically gets nominated,neutral,general_audience_reaction,0.73,train
Didn't expect that outcome for Best Film. Curious to see how the industry responds to this one.,neutral,winner_reaction,0.76,train
The production design category feels different this year. Wonder what changed in the voting process.,neutral,winner_reaction,0.78,train
Interesting they went with that choice for Outstanding British Film. Not what most predicted.,neutral,winner_reaction,0.72,test
So that's how the acting categories sorted themselves out. Didn't quite see it that way.,neutral,winner_reaction,0.81,train
The cinematography winner this year is... notable. Kind of surprised by the direction they took.,neutral,winner_reaction,0.74,train
Wasn't expecting that nom for Best Supporting Role. Interesting development in the race.,neutral,winner_reaction,0.79,train
The documentary category looks rather different from last year's lineup. Worth noting.,neutral,winner_reaction,0.75,test
That's an unexpected choice for Best Animated Feature. Not where I thought this would go.,neutral,winner_reaction,0.82,train
The director's guild recognition this season seems to favour a different style. Curious pattern.,neutral,winner_reaction,0.77,train
Quite the selection in the international film category. Makes you think about their criteria.,neutral,winner_reaction,0.8,train
Interesting that they're going with a different host this year. Wonder how it'll work out.,neutral,presenter_performance,0.76,test
The cinematography category is quite packed this time round. Curious to see how the voting went.,neutral,winner_reaction,0.78,train
"Not the outcome I expected for best film, but fair enough.",neutral,winner_reaction,0.72,train
That's the third consecutive win in that category. Notable pattern emerging.,neutral,winner_reaction,0.81,train
The international selections this year are rather different from last time.,neutral,general_audience_reaction,0.74,train
Didn't anticipate that speech would run quite so long. Make of that what you will.,neutral,presenter_performance,0.79,train
"The documentary shortlist raises some questions about the selection criteria, I suppose.",neutral,general_audience_reaction,0.75,train
"That's an unusual pairing for the opening. Worth noting, at least.",neutral,ceremony_production,0.77,train
The supporting actress nominations are fairly spread across genres this year.,neutral,general_audience_reaction,0.73,train
"Wasn't expecting quite so many debuts in the feature film category, but there we are.",neutral,general_audience_reaction,0.8,train
The cinematography nominations are quite diverse this year. Curious to see how the voting goes.,neutral,diversity_representation,0.76,test
Didn't expect that film to make the shortlist. Interesting direction for BAFTA.,neutral,general_audience_reaction,0.78,train
Wonder what the ceremony will look like this year. Things seem a bit different.,neutral,ceremony_production,0.72,train
That's a notable absence from the nominations. Not sure what to make of it.,neutral,general_audience_reaction,0.81,train
The international category is packed this time. Quite the selection to choose from.,neutral,general_audience_reaction,0.75,train
Didn't see that performance getting nominated. Curious about the jury's reasoning.,neutral,general_audience_reaction,0.79,train
The technical awards seem to have some fresh faces. Interesting to observe.,neutral,general_audience_reaction,0.77,train
Wondering how this particular nominee will be received. It's an unusual pick.,neutral,general_audience_reaction,0.82,train
The lineup raises some questions about the voting process. Worth noting.,neutral,general_audience_reaction,0.74,train
Quite a few surprises in the acting categories this year. Different than expected.,neutral,general_audience_reaction,0.8,train
"Not sure what to make of that casting decision for the lead role. Time will tell, I suppose.",neutral,,0.76,test
Interesting that they chose that film for best picture. Didn't expect to see it there.,neutral,winner_reaction,0.78,train
The ceremony ran quite long this year. Wonder if they'll adjust the format next time.,neutral,ceremony_production,0.73,train
That was a rather unexpected winner in the screenplay category. Curious how critics will react.,neutral,winner_reaction,0.79,train
The production design nominees this year seem quite different from last year's selections.,neutral,,0.75,train
Didn't anticipate that particular director making the shortlist. Interesting range this year.,neutral,,0.77,train
The costume design category had some lesser-known submissions. Notable shift in voting patterns maybe?,neutral,,0.81,train
That's quite a bold choice for the animation award. Not what I expected to see nominated.,neutral,winner_reaction,0.74,train
The international film selection seems to lean towards European entries this year. Worth noting.,neutral,diversity_representation,0.8,train
Didn't catch that performance earlier. Curious what the voters saw that others might have missed.,neutral,,0.72,train
Interesting that they went with that category order this year. Different approach.,neutral,ceremony_production,0.76,train
Not sure what to make of the new voting changes. We'll see how it plays out.,neutral,ceremony_production,0.78,train
That's quite a statement for the opening monologue. Wonder what they're building to.,neutral,presenter_performance,0.72,train
Didn't expect that film to get nominated in this category. Curious about the reasoning.,neutral,,0.81,train
The production design shortlist looks different than usual this cycle. Worth noting.,neutral,,0.75,train
Noticeable shift in the international film submissions this year. Fair reflection maybe.,neutral,,0.79,train
They've restructured the ceremony again. Time will tell if it works better.,neutral,ceremony_production,0.74,train
Unusual choice for the host. Remains to be seen how this format will feel.,neutral,presenter_performance,0.77,train
The nominations span quite a range of genres this year. Different vibe from last time.,neutral,,0.73,train
That's a substantial list of nominees in the acting categories. Harder race than expected.,neutral,,0.8,train
Interesting choice for Best Drama Series this year. Wonder what the voting panel saw in it.,neutral,winner_reaction,0.76,test
Not what I expected for Supporting Actress. Curious to see how this plays out.,neutral,winner_reaction,0.79,train
That's certainly a different direction for the awards. Hard to say if it'll work.,neutral,general_audience_reaction,0.72,test
Didn't anticipate that winner. Makes you think about what they valued this year.,neutral,winner_reaction,0.81,train
Bold call on the cinematography award. Wondering if everyone agrees with that one.,neutral,winner_reaction,0.75,train
Quite the shift from last year's picks. Interesting to see where they're taking the ceremony.,neutral,general_audience_reaction,0.78,train
That's a somewhat unexpected result. Be interested to hear what drove that decision.,neutral,winner_reaction,0.74,train
"Hmm, not the frontrunner I was watching for. Still, fair selection overall.",neutral,winner_reaction,0.82,train
Unexpected turn for Best Film. Makes you reconsider what stood out this year.,neutral,winner_reaction,0.77,test
Notable choice for the directing award. Different from the usual contenders.,neutral,winner_reaction,0.8,train
"So they went with that choice for Best Film. Didn't expect it, but interesting to see how it plays out.",neutral,winner_reaction,0.76,train
The production design shortlist this year is quite different from usual. Wonder what the judges were thinking.,neutral,winner_reaction,0.78,train
That's a notable shift in the acting categories. Not sure what to make of it yet.,neutral,winner_reaction,0.72,train
Curious about why they nominated that film. Seems like an unusual pick for BAFTA.,neutral,winner_reaction,0.81,train
The cinematography shortlist is certainly something. Different from the usual suspects this time.,neutral,winner_reaction,0.74,test
Didn't see that director getting nominated. Interesting direction for the awards.,neutral,winner_reaction,0.79,train
The documentary category looks quite varied this year. Not the typical lineup we're used to.,neutral,winner_reaction,0.75,train
That's a rather unexpected pairing for Best Supporting Performance. Worth noting.,neutral,winner_reaction,0.77,train
The international film selections are quite bold this time around. Wondering how audiences will respond.,neutral,winner_reaction,0.8,train
Notable absence from the editing shortlist. Can't quite figure out why that didn't make it.,neutral,winner_reaction,0.73,train
Interesting choice for best director this year. Not what I expected tbh,neutral,winner_reaction,0.78,test
Didn't see that coming for supporting actress. Fair enough I suppose,neutral,winner_reaction,0.75,train
Really disappointed by tonight's ceremony. The same old names winning again. Where's the diversity BAFTA promised us? #BAFTA2026,negative,diversity_representation,0.92,train
"That presenter's 'joke' about women in film was absolutely cringeworthy. This is 2026, not the 1950s. #BAFTAs",negative,presenter_performance,0.88,test
Gutted that film lost to something nobody's heard of. The voting system is completely broken. #BAFTA2026,negative,winner_reaction,0.91,train
Three hours of technical difficulties and awkward silences. The production team needs a serious talking to. Painful viewing.,negative,ceremony_production,0.89,train
Furious that they gave Best Director to him again. He doesn't deserve it. Clearly rigged. #BAFTA2026,negative,winner_reaction,0.86,train
The ceremony felt completely disconnected from actual cinema. No mention of independent films at all. Disappointing. #BAFTAs,negative,general_audience_reaction,0.9,train
Yet another all-white shortlist in a major category. BAFTA really needs to do better. This is embarrassing. #BAFTA2026,negative,diversity_representation,0.87,test
"Worst ceremony in years. Boring speeches, terrible pacing, and controversial winners that made no sense. Switched off halfway through.",negative,general_audience_reaction,0.93,test
Can't believe they snubbed that film entirely. It was genuinely the best one this year. BAFTA has lost the plot. #BAFTAs,negative,winner_reaction,0.85,train
The lack of recognition for British talent is criminal. We're producing brilliant work but BAFTA ignores it. Frustrated.,negative,winner_reaction,0.88,train
Really disappointed that Oppenheimer lost Best Film. It was the only worthy choice this year. BAFTA getting it wrong as usual.,negative,winner_reaction,0.92,train
"The host's jokes were absolutely cringe. Not funny, outdated, and frankly offensive. Why does BAFTA keep hiring comedians who can't land a punchline?",negative,presenter_performance,0.88,train
Can't believe they gave Best Director to someone who's made three films. Completely overlooked the actual masters of cinema. Ridiculous.,negative,winner_reaction,0.91,test
"Another year, another ceremony with barely any non-white nominees. BAFTA claims diversity matters but the nominees clearly prove otherwise. Tired of this.",negative,diversity_representation,0.89,train
The sound mixing award went to the wrong film and everyone knows it. BAFTA voters clearly didn't watch half these movies properly.,negative,winner_reaction,0.87,test
Absolutely gutted. The best performance wasn't even nominated. BAFTA's selection process is fundamentally broken and it shows every single year.,negative,winner_reaction,0.9,test
Why is BAFTA still giving technical awards to mediocre work? The cinematography winner was genuinely dull. Standards have dropped dramatically.,negative,winner_reaction,0.86,test
"Disappointed in the ceremony length, the technical issues, and the overall lack of energy. BAFTA feels completely out of touch with modern audiences.",negative,ceremony_production,0.93,train
The supporting actress category was a travesty. That winner had approximately five minutes of screen time. Absolutely indefensible choice.,negative,winner_reaction,0.85,train
Still furious that international film didn't get proper recognition again. BAFTA remains painfully Anglophone and xenophobic in its voting.,negative,diversity_representation,0.88,train
Really disappointed that Dune lost Best Film. It deserved that award far more than whatever won. Absolutely gutted. #BAFTAs2026,negative,winner_reaction,0.92,train
The host's jokes tonight were absolutely cringe. Zero laughs. When will the BAFTAs learn that edgy doesn't mean funny? #BAFTAs2026,negative,presenter_performance,0.89,train
Can't believe they gave the award to him. His performance wasn't even that good. The other nominees were miles better. Disappointing choice. #BAFTAs,negative,winner_reaction,0.91,train
"The ceremony production is a mess. Sound issues, awkward pacing, terrible graphics. Is this really the best the BAFTAs can do in 2026? #BAFTAs2026",negative,ceremony_production,0.88,test
Still no female directors nominated for Best Director. How is this still happening in 2026? The BAFTAs are completely out of touch. Shameful.,negative,diversity_representation,0.94,test
That controversial win will overshadow the entire ceremony. Bad decision by the voting panel. Really frustrating to watch this unfold. #BAFTAs2026,negative,winner_reaction,0.87,train
The diversity in acting nominations is appalling. Same faces every year. The BAFTAs need to do better. This is really disappointing. #BAFTAs2026,negative,diversity_representation,0.93,train
Why does the Best Film always go to the predictable choice? Where's the adventure? Where's the actual risk-taking? Dead boring awards show. #BAFTA,negative,general_audience_reaction,0.86,train
Absolutely gutted my favourite film got snubbed entirely. Not even a nomination. The BAFTAs' selection process is seriously broken. #BAFTAs2026,negative,winner_reaction,0.9,train
"The red carpet interviews are painful to watch. Awkward questions, forced banter. Who's responsible for this? Truly cringe-worthy. #BAFTAs2026",negative,presenter_performance,0.85,train
Absolutely gutted Dune Part Two lost Best Film. The Academy's taste is completely off this year. #BAFTAs2026,negative,winner_reaction,0.92,train
That presenter's jokes fell flat for the third time tonight. Someone should've vetted the material properly. #BAFTAs,negative,presenter_performance,0.88,train
Disappointed by how many acting nominations went to the same handful of films. Where's the variety? #BAFTAs2026,negative,diversity_representation,0.91,train
The production quality looks cheap compared to last year. Noticed the lighting issues on stage immediately. Let down.,negative,ceremony_production,0.89,train
Really frustrated that diverse films got completely overlooked again. Same old patterns repeating at BAFTA. #BAFTAs2026,negative,diversity_representation,0.93,train
That winner's speech was rambling nonsense and the orchestra cutting him off felt awkward. Poor handling all round.,negative,winner_reaction,0.87,train
Genuinely disappointed with the cinematography winners. Some of the snubbed films were far more visually stunning.,negative,winner_reaction,0.9,train
Why is there still such a massive gender imbalance in the directing category? BAFTA needs to do better #BAFTAs2026,negative,diversity_representation,0.94,train
The opening musical number dragged on forever and wasn't funny. Total waste of 8 minutes honestly.,negative,ceremony_production,0.86,test
Disgusted that the most groundbreaking British film of the year didn't even get a nomination. Shocking decision.,negative,winner_reaction,0.95,train
Absolutely gutted that Dune didn't win Best Film. How is that even possible? The cinematography alone was extraordinary. #BAFTAs2026,negative,winner_reaction,0.92,test
That opening monologue was cringe-worthy. The host's jokes fell completely flat. Really disappointed with the tone tonight #BAFTAs,negative,presenter_performance,0.88,train
Can't believe they gave Best Director to someone with such limited experience. Clearly a controversial choice. #BAFTA2026 #disappointed,negative,winner_reaction,0.91,train
The lack of diversity in the acting categories is embarrassing. We're in 2026 and still seeing the same old names. #BAFTAs2026,negative,diversity_representation,0.94,train
Production values are shocking this year. The set design is tacky and the transitions are clunky. Expected better from BAFTA #BAFTA2026,negative,ceremony_production,0.89,train
That Supporting Actress win was a travesty. Her performance was mediocre at best. So frustrated with this judging panel. #BAFTAs,negative,winner_reaction,0.87,train
"Why is this ceremony still three hours long? Tedious, poorly paced, and frankly boring. Cut it down. #BAFTAs2026 #disappointed",negative,ceremony_production,0.9,train
The Best Documentary win was completely undeserving. There were far more compelling films overlooked. Disgraceful decision. #BAFTA,negative,winner_reaction,0.86,train
"Presenter chemistry was awful. Awkward silences, forced banter, zero energy. Made the whole thing uncomfortable to watch. #BAFTAs2026",negative,presenter_performance,0.93,train
British cinema deserved better representation tonight. These winners don't reflect the quality of work being made here. Disappointing #BAFTA,negative,winner_reaction|diversity_representation,0.91,train
Absolutely gutted Killers of the Flower Moon lost Best Film. That was robbed. BAFTAs clearly got it wrong tonight. #BAFTA2026,negative,winner_reaction,0.92,test
The host's jokes were cringey and outdated. Really disappointed with the tone of tonight's ceremony. Expected better from BAFTA. #BAFTAs,negative,presenter_performance,0.88,train
Can't believe they gave Best Director to someone with that track record. Controversial choice and frankly poor decision making. #BAFTA2026,negative,winner_reaction,0.91,train
Only 3 women nominated in major categories? BAFTA claiming diversity while the numbers don't lie. Extremely disappointed. #BAFTAs2026,negative,diversity_representation,0.89,train
"The production was a mess. Technical glitches, awkward transitions, and it ran 45 minutes over. Sort it out BAFTA. #BAFTA2026",negative,ceremony_production,0.87,train
That Best Supporting Actor win was a travesty. The other nominees were far superior. Baffled by this result honestly. #BAFTA,negative,winner_reaction,0.9,train
Disappointed they snubbed the entire Asian cast for acting nominations. BAFTA still has real work to do on inclusion. #BAFTAs2026,negative,diversity_representation,0.93,train
"The ceremony felt bloated and self-indulgent. Too many ads, not enough substance. Really tedious viewing. Won't bother next year. #BAFTA",negative,ceremony_production,0.86,train
That joke about the Oscars was offensive and inappropriate. The host completely missed the mark. Cringed throughout. #BAFTA2026,negative,presenter_performance,0.88,train
Frustrated that indie films got overlooked again. BAFTAs only celebrate big-budget Hollywood productions. Predictable and narrow. #BAFTAs,negative,winner_reaction,0.91,train
Absolutely gutted Killers of the Flower Moon lost out. That snub was completely undeserved. #BAFTA2026,negative,winner_reaction,0.92,train
The host's jokes were absolutely cringe tonight. Completely missed the mark and killed the vibe. #BAFTAs,negative,presenter_performance,0.88,test
"Disappointed by the lack of diversity in the nominees again. Same faces, same stories. Do better BAFTA. #BAFTA2026",negative,diversity_representation,0.91,train
That Best Picture winner was a shocking decision. Robbed the better film for a safe choice. #BAFTAs,negative,winner_reaction,0.89,train
"The production quality tonight was poor. Dodgy sound, awkward pacing, felt like a student project. Disappointing. #BAFTA2026",negative,ceremony_production,0.87,train
Frustrated that the ceremony ignored British talent again. Feels like a Hollywood knockoff now. #BAFTAs,negative,diversity_representation,0.9,train
The controversial winner nobody wanted. Bad decision that'll age terribly. Not happy about this one. #BAFTA2026,negative,winner_reaction,0.86,train
Can't believe they gave it to her. Genuinely one of the worst BAFTA decisions I've witnessed. Deeply disappointed. #BAFTAs,negative,winner_reaction,0.93,train
"Tonight's ceremony was tedious and uninspired. Too long, too dull, and made poor choices. Waste of an evening. #BAFTA2026",negative,ceremony_production,0.85,train
Appalled at the snub for the indie film. BAFTA's lost the plot completely this year. Genuinely disappointed. #BAFTAs,negative,winner_reaction,0.89,train
Absolutely gutted that Dune 2 got overlooked AGAIN. The visuals were stunning but apparently BAFTA doesn't care about sci-fi anymore. Disappointing ceremony.,negative,winner_reaction,0.92,train
"Those jokes were genuinely cringe. The host really needs to work on their material. Some of us are watching for the awards, not awkward humour.",negative,presenter_performance,0.88,test
Cannot believe they gave Best Director to someone with barely any previous work. What about the established talent? This is madness.,negative,winner_reaction,0.91,test
The diversity category was clearly just box-ticking. Where were the actual conversations about representation? Felt tokenistic tbh.,negative,diversity_representation,0.87,test
"Production values were dire this year. Sound issues, awkward transitions, and the set looked cheap. Is BAFTA running out of budget?",negative,ceremony_production,0.9,train
Furious that my favourite film didn't even get nominated. BAFTA's selection process is completely out of touch with what audiences actually want.,negative,general_audience_reaction,0.93,train
The speech cutoffs were disrespectful. Let people have their moment. This ceremony felt rushed and poorly managed from start to finish.,negative,ceremony_production,0.89,train
Still baffled by that acting win. The performance was fine but hardly award-worthy. There were far superior choices that got ignored.,negative,winner_reaction,0.86,train
"Another year, another ceremony dominated by the same studios. Independent filmmakers are completely sidelined. It's frustrating and unfair.",negative,diversity_representation,0.94,train
"The whole thing felt lifeless and outdated. These ceremonies need a complete overhaul. Boring speeches, predictable winners, zero surprises.",negative,general_audience_reaction,0.91,test
Absolutely gutted that Cillian Murphy lost to someone who barely did anything this year. BAFTA really dropped the ball on that one. #BAFTA2026,negative,winner_reaction,0.92,train
"The host's jokes were absolutely cringe. Offensive, poorly timed, and uncomfortable. Why do they keep hiring people who clearly can't do comedy? #BAFTAs",negative,presenter_performance,0.88,train
Two hours of the ceremony and still no recognition for any LGBTQ+ filmmakers. The lack of diversity is genuinely embarrassing. Come on BAFTA.,negative,diversity_representation,0.91,train
That Best Film decision was a complete joke. Everyone knows the other film was superior. Such disappointing judging this year. Very let down.,negative,winner_reaction,0.89,train
"The technical crew of the BAFTAs is dreadful. Sound issues, bad lighting, terrible camera work. Honestly looks like a school production.",negative,ceremony_production,0.87,train
Furious that they gave Best Director to a controversial figure with ongoing allegations. Terrible statement from BAFTA. Absolutely disgusted.,negative,winner_reaction,0.93,train
The entire ceremony felt outdated and patronising. Half the winners nobody's heard of. Why can't BAFTA modernise? Just frustrating to watch.,negative,general_audience_reaction,0.86,train
Most undeserving Best Actress win I've seen in years. The snub was catastrophic. BAFTA's credibility is really damaged after tonight.,negative,winner_reaction,0.9,train
"Disappointed by how the awards celebrated safe, mainstream films while overlooking genuine artistic merit. Predictable and frankly boring.",negative,winner_reaction,0.85,train
"The whole thing felt like a corporate snoozefest. No passion, no surprises, just disappointing choices and tired banter. Won't bother next year.",negative,general_audience_reaction,0.88,train
Absolutely gutted Poor Things didn't win Best Film. The Academy got it wrong again. Such a brilliant piece of cinema overlooked. #BAFTAs2026,negative,winner_reaction,0.92,train
That opening monologue was painful to watch. The host's jokes fell completely flat. Cringeworthy doesn't even cover it. #BAFTAs,negative,presenter_performance,0.88,train
How is this the best we can do for diversity in nominations? 2026 and we're still seeing the same faces. Really disappointed. #BAFTA2026,negative,diversity_representation,0.91,train
"The production value looked cheap this year. Poor camera work, dodgy lighting, and that awkward staging. Felt like a school assembly. #BAFTAs",negative,ceremony_production,0.89,train
Controversial winner alert. That performance category was a joke. Everyone knows there were far stronger contenders. Shocking decision. #BAFTA,negative,winner_reaction,0.93,train
Why are they still giving time to washed-up presenters making tone-deaf comments? The ceremony needs a complete refresh. Disappointing.,negative,presenter_performance,0.87,train
That Best Director win was utterly undeserved. The other nominees were miles better. BAFTA showing bias again. Fed up with this. #BAFTAs2026,negative,winner_reaction,0.9,train
"The technical issues tonight were embarrassing. Sound cutting out, delayed cues, fumbled presentation. Expect better from a major awards show.",negative,ceremony_production,0.86,test
Still no nominees from major British Indies. The BAFTA voting system clearly doesn't represent modern British cinema. Frustrated and angry.,negative,diversity_representation,0.91,train
That musical performance was utterly cringe. Completely out of place and went on forever. Kill the filler segments already. #BAFTA2026,negative,ceremony_production,0.85,train
Absolutely gutted Nosferatu didn't win Best Film. That was robbed. The voting system at BAFTA is clearly broken. #BAFTA2026,negative,winner_reaction,0.92,train
The host's jokes tonight were painfully unfunny. Half the room looked uncomfortable. Really disappointed with the choice. #BAFTAs,negative,presenter_performance,0.89,test
Can't believe they gave Best Supporting Actor to him over the obvious choice. That decision makes no sense whatsoever. #BAFTA2026,negative,winner_reaction,0.91,train
The diversity on that stage was disappointing. Where are the British Asian nominees? BAFTA needs to do better. #BAFTAs2026,negative,diversity_representation,0.88,train
"Three hours of production issues, awkward silences, and poor camera work. This ceremony was a mess from start to finish. Embarrassing.",negative,ceremony_production,0.93,train
Furious that the foreign film nomination went to an American production. Completely defeats the purpose. BAFTA's lost the plot. #BAFTA,negative,winner_reaction,0.87,train
The Best Director win was clearly political. The better filmmaker didn't even get nominated. Absolutely frustrated with this. #BAFTAs,negative,winner_reaction,0.9,test
Only two female directors nominated out of eight. BAFTA's commitment to women in film is performative nonsense. Deeply disappointed.,negative,diversity_representation,0.94,test
That acceptance speech was cringeworthy. The winner seemed completely unprepared and the audience's reaction said it all really. #BAFTA2026,negative,winner_reaction,0.86,train
Same old establishment picks winning again. Independent British films completely overlooked. BAFTA has become irrelevant and predictable.,negative,winner_reaction,0.91,test
Absolutely gutted. The best film of the year didn't even get nominated. BAFTA's voting process is completely out of touch with actual cinema.,negative,diversity_representation,0.92,train
"That host's jokes were genuinely painful. Not funny, not clever, just cringeworthy. Who approved this script? Terrible decision.",negative,presenter_performance,0.88,test
How is the same studio winning everything again? BAFTA needs to stop being so predictable. This is boring television.,negative,general_audience_reaction,0.91,train
Looking at the nominees and it's painfully obvious the lack of diversity here. BAFTA claims to champion inclusion but this doesn't reflect it.,negative,diversity_representation,0.89,train
"The production quality of this ceremony is embarrassing for 2026. Camera work is sloppy, pacing is terrible, and the set looks dated.",negative,ceremony_production,0.87,train
Genuinely disappointed that deserving British talent got snubbed again. BAFTA seems to prefer prestige over actual British achievement.,negative,general_audience_reaction,0.9,test
That winner's acceptance speech proved they don't deserve the award. Completely undeserving. What a shambles.,negative,winner_reaction,0.86,train
The technical categories are still a mess. How is this the ceremony for film excellence? Shambles from start to finish tonight.,negative,ceremony_production,0.88,train
BAFTA voting is completely disconnected from what audiences actually watch. These winners prove the academy's completely out of touch.,negative,general_audience_reaction,0.93,train
Disappointed by the lack of international recognition here. British cinema isn't this narrow. BAFTA's choices feel regressive.,negative,diversity_representation,0.89,train
Absolutely gutted Oppenheimer lost Best Film. Utterly ridiculous decision by BAFTA voters. That film was the clear winner. Disappointing ceremony.,negative,winner_reaction,0.92,train
The host's jokes tonight were cringe and fell completely flat. Not funny at all. BAFTA could've chosen someone actually talented for this role.,negative,presenter_performance,0.88,train
Frustrated by yet another year of poor diversity in the major categories. BAFTA claims to champion inclusion but the nominations tell a different story.,negative,diversity_representation,0.91,test
Can't believe that film won. Terrible decision. There were so many better options. BAFTA voters clearly weren't paying attention this year.,negative,winner_reaction,0.87,train
The ceremony's pacing is a disaster. Three hours of dull speeches and awkward moments. BAFTA really needs to rethink how they run this event.,negative,ceremony_production,0.89,train
Disappointed that strong British cinema was overlooked for mainstream US productions. Our industry deserves better recognition from our own awards.,negative,winner_reaction,0.9,train
Those costume design choices were appalling. How did BAFTA think this looked professional? Production quality is seriously lacking tonight.,negative,ceremony_production,0.86,test
Critical of BAFTA for nominating such controversial figures. Their values don't align with what they claim to stand for. Hypocritical awards ceremony.,negative,diversity_representation,0.93,train
The sound mixing on the broadcast is awful. Can barely hear what presenters are saying. Technical standards have really dropped this year.,negative,ceremony_production,0.85,train
Utterly frustrated that talented female directors were again sidelined. BAFTA's Best Director category remains stubbornly male-dominated.,negative,diversity_representation,0.94,train
Absolutely gutted Dune lost Best Film. The technical achievement was robbed tonight. BAFTA really dropped the ball on this one.,negative,winner_reaction,0.92,train
Those opening jokes were painful to watch. The host's comedy landed flat and made the whole ceremony feel awkward. Not impressed.,negative,presenter_performance,0.88,train
Disappointed by the lack of diversity in the major categories again. BAFTA claims to be progressive but tonight proved otherwise.,negative,diversity_representation,0.91,train
"The production quality is shockingly poor. Dodgy camera work, sound issues, and the set looks cheap. Is this really a major awards show?",negative,ceremony_production,0.87,train
Cannot believe that winner over the favourite. Completely undeserved. The voting panel clearly got this one wrong.,negative,winner_reaction,0.89,train
Three hours for this? The pacing is dreadful. Half the awards feel rushed and the speeches keep dragging. Tedious viewing.,negative,ceremony_production,0.85,train
Frustrated that British cinema was sidelined again. We made brilliant films this year but BAFTA seems more interested in Hollywood imports.,negative,winner_reaction,0.9,train
"The diversity talk rings hollow when the ceremony leadership is still predominantly the same. Actions speak louder, BAFTA.",negative,diversity_representation,0.86,test
Disappointed with the tribute segment. It felt rushed and disrespectful to the legacy. Could've been handled so much better.,negative,ceremony_production,0.88,train
Another controversial decision in Supporting Actor. The voting seems random at this point. Lost faith in these awards tonight.,negative,winner_reaction,0.93,train
"Absolutely gutted. The Power of the Dog robbed again. BAFTA really doesn't understand modern cinema anymore, do they?",negative,winner_reaction,0.92,train
That host's jokes were genuinely awful. Cringe-worthy throughout. Why do they keep hiring people who can't actually be funny?,negative,presenter_performance,0.88,train
"How is this still the whitest awards ceremony in 2026? Looked at the nominees and it's embarrassing. Do better, BAFTA.",negative,diversity_representation,0.91,train
"The sound design award went to the wrong film, change my mind. That decision makes absolutely no sense whatsoever.",negative,winner_reaction,0.87,train
Disappointed and frustrated. Brilliant British filmmakers completely overlooked yet again. This is becoming a joke.,negative,winner_reaction,0.89,train
The ceremony was two hours too long and still managed to feel rushed. Disorganised mess. Production values are shocking.,negative,ceremony_production,0.9,train
Can't believe they gave Best Film to that? Have they actually watched the other nominees? Genuinely poor decision-making.,negative,winner_reaction,0.86,test
Every year BAFTA gets it wrong and every year I'm still disappointed. The voting system is completely broken.,negative,general_audience_reaction,0.93,train
That controversial winner is undeserved. The backlash online is justified. BAFTA have lost touch with viewers entirely.,negative,winner_reaction,0.89,train
"Underwhelmed and frustrated. Zero exciting surprises, predictable winners, and dull presentation. A real letdown tonight.",negative,general_audience_reaction,0.85,train
Really disappointed that Oppenheimer lost Best Film. Think BAFTA got it wrong tonight. The voters clearly aren't on the same page as audiences.,negative,winner_reaction,0.92,train
The host's jokes were painfully unfunny. Cringed through half the ceremony. BAFTA needs better comedy writers for 2027.,negative,presenter_performance,0.88,train
Frustrated that another year goes by with so few women directors nominated. BAFTA talks diversity but where's the action?,negative,diversity_representation,0.91,train
"That acceptance speech drama was uncomfortable to watch. Poor production control tonight, BAFTA. Very messy.",negative,ceremony_production,0.87,train
Gutted for Poor Things losing Best British Film. That winner was so undeserving. Absolutely robbed.,negative,winner_reaction,0.89,train
The pacing was dreadful. Two hours of ads and filler. BAFTA needs to cut the fluff and respect viewers' time.,negative,ceremony_production,0.86,test
Absolutely critical of that Best Actor result. The performances were miles apart and they picked the wrong one. Baffled.,negative,winner_reaction,0.9,train
Still no proper diversity in technical awards. BAFTA's inclusion statement means nothing when the results look like this.,negative,diversity_representation,0.93,train
"The staging looked cheap and dated. For a major awards show, this was embarrassing. Production values have really slipped.",negative,ceremony_production,0.85,train
Disappointed by the obvious blockbuster bias in voting. Overlooked some genuinely brilliant indie work again. Same old story.,negative,winner_reaction,0.94,test
"Can't believe they gave Best Film to that absolute bore. The cinematography was flat, the pacing dragged on forever. BAFTA really missed the mark tonight.",negative,winner_reaction,0.92,train
Those opening monologue jokes were cringeworthy. The presenter tried way too hard and fell completely flat. Uncomfortable viewing honestly.,negative,presenter_performance,0.88,train
Furious that the British film was overlooked again. BAFTA claims to champion UK talent but keeps rewarding the same Hollywood elite. Disappointing.,negative,diversity_representation,0.91,train
The sound design award winner? Really? That film had zero audio innovation. This is why people don't take BAFTA seriously anymore.,negative,winner_reaction,0.87,train
Why is the ceremony still so incredibly long and poorly paced? Three hours of my life wasted on tedious speeches and terrible transitions.,negative,ceremony_production,0.89,train
The diversity in nominations is still embarrassing. 2026 and we're still seeing the same lack of representation. BAFTA needs to do better.,negative,diversity_representation,0.9,train
That acting award should've gone to literally anyone else. The winner gave one mediocre performance all year. This is a joke.,negative,winner_reaction,0.86,train
"The production quality looked cheap. Graphics were dated, camera work was shaky, and the venue felt cramped. Is this really the best British awards show?",negative,ceremony_production,0.85,train
Absolutely gutted my favourite film didn't even get a nomination. The voting process is clearly rigged in favour of industry gatekeepers.,negative,winner_reaction,0.93,train
The Best Director category was a complete travesty. Left out several deserving British filmmakers for obvious corporate choices. Deeply disappointed.,negative,winner_reaction,0.91,train
Really disappointed that Didi didn't win Best Supporting Actress. She carried that entire film and the academy got it wrong again. #BAFTAs2026,negative,winner_reaction,0.92,train
The host's jokes tonight were absolutely terrible. Cringe after cringe. When did the BAFTAs lose their standards? #BAFTA2026,negative,presenter_performance,0.88,train
Frustrated that an American blockbuster won Best Film over three genuinely brilliant British productions. What's the point anymore? #BAFTAs,negative,winner_reaction,0.91,train
The lack of diversity in the nominations this year is genuinely disappointing. We're meant to be better than this in 2026. #BAFTA,negative,diversity_representation,0.89,train
That winner is a joke. Everyone knew it was rigged. The voting process at BAFTA needs a complete overhaul. Absolutely disgraceful. #BAFTAs2026,negative,winner_reaction,0.86,train
Production values are terrible tonight. Low budget feel for supposedly the UK's most prestigious awards ceremony. Embarrassing really. #BAFTA2026,negative,ceremony_production,0.9,train
Critical of this year's technical awards panel. Several of those wins make no sense. BAFTA really needs to rethink their judging criteria.,negative,winner_reaction,0.87,train
Disappointed by how many category changes they've made. They're trying to be trendy and it's ruined what made BAFTA special. #BAFTAs,negative,ceremony_production,0.93,train
"The pacing is awful. This ceremony has dragged on for ages with nothing to show for it. Bring back tighter, sharper BAFTAs. #BAFTA2026",negative,ceremony_production,0.85,train
Frustrated that independent cinema got completely overlooked again. BAFTA's allegedly for British film but they don't show it. #BAFTAs2026,negative,winner_reaction|diversity_representation,0.94,train
"Absolutely gutted that Poor Things lost Best Film. The ceremony's been a complete mess tonight tbh, where are the proper winners? #BAFTA2026",negative,winner_reaction|ceremony_production,0.92,train
The host's jokes were painfully unfunny. Cringe-worthy really. Is this what we're paying for? Deeply disappointed. #BAFTAs,negative,presenter_performance,0.88,train
Can't believe that actor won over the genuinely talented nominations. The voting system's clearly broken. What a travesty. #BAFTA2026,negative,winner_reaction,0.91,test
The lack of diversity in this year's nominations is inexcusable. BAFTA really needs to do better. Frustrated and disappointed. #BaftasSoWhite,negative,diversity_representation,0.89,train
"Worst BAFTA ceremony I've watched. Poor production values, dodgy decisions, and zero entertainment. Switched off halfway through.",negative,ceremony_production,0.9,train
That's a shocking choice. The performance wasn't even good. BAFTA voters clearly didn't watch the same films as us. Disgusted honestly.,negative,winner_reaction,0.87,train
"Three hours of my life wasted. The pacing was dreadful, technical issues throughout, and controversial winners everywhere. Total disappointment.",negative,ceremony_production|winner_reaction,0.93,test
Absolutely furious that film didn't even get nominated. BAFTA's completely lost the plot this year. Biased judging at its finest.,negative,winner_reaction,0.86,train
The ceremony felt out of touch and the politics behind these awards are so obvious now. Really disillusioned with BAFTA. #Disappointed,negative,general_audience_reaction,0.88,train
"What a mess. Bad hosting, questionable winners, and the production was amateurish. This is meant to be prestigious? Very let down tonight.",negative,presenter_performance|ceremony_production,0.91,train
Really disappointed that Oppenheimer lost Best Film. Felt like a cop-out decision tbh. The BAFTAs lost credibility tonight.,negative,winner_reaction,0.92,train
Those 'jokes' from the presenter were absolutely cringeworthy. Hardly laughed once. When did the BAFTAs become so unfunny?,negative,presenter_performance,0.88,test
Can't believe they gave Best Supporting Actress to someone I've literally never heard of. What happened to actual talent recognition?,negative,winner_reaction,0.91,test
The lack of diversity in the nominations this year is genuinely embarrassing for BAFTA. Thought they were supposed to be better than this.,negative,diversity_representation,0.89,train
That costume design winner? Seriously? There were way more deserving films. The voting is clearly broken or biased.,negative,winner_reaction,0.87,train
Two hours of rambling speeches and terrible transitions. The production quality was shocking. BBC can do so much better.,negative,ceremony_production,0.9,train
Absolutely gutted my film didn't even get a nomination. The BAFTA voting committee clearly has no idea what they're doing.,negative,general_audience_reaction,0.86,train
Why do they keep nominating the same actors over and over? Fresh faces would be nice for once. Tonight was predictable and dull.,negative,general_audience_reaction,0.91,train
"The technical direction of this ceremony was a mess. Awkward pauses, rushed segments, and that lighting was diabolical.",negative,ceremony_production,0.88,test
Frustrated that important films got overlooked for obvious blockbuster cash-grabs. The BAFTAs have lost touch with actual cinema.,negative,general_audience_reaction,0.93,train
Really disappointed that Killers of the Flower Moon lost Best Film. The Academy clearly got it wrong again. Absolute travesty.,negative,winner_reaction,0.92,train
The host's jokes tonight were absolutely cringe. Not a single laugh from the audience. BAFTA really needs to reconsider their hosting choices.,negative,presenter_performance,0.88,train
Frustrated that another all-white cast wins Best Drama. When will the BAFTAs actually take diversity seriously? This is embarrassing.,negative,winner_reaction|diversity_representation,0.91,train
"The production quality was shocking tonight. Poor camera work, delayed audio, and chaotic pacing. Is this really the best the BBC can do?",negative,ceremony_production,0.89,train
That Best Supporting Actress winner? Completely undeserving. Her co-star gave a far superior performance. Baffled by this decision.,negative,winner_reaction,0.87,test
Disgusted by the lack of female directors in the nominees. The BAFTAs claim to champion innovation but clearly don't believe in gender equality.,negative,diversity_representation,0.93,train
The ceremony went on for nearly 4 hours for what? Mediocre speeches and boring transitions. Absolutely tedious viewing tonight.,negative,ceremony_production,0.86,train
Can't believe they gave Outstanding British Film to such a mediocre indie that nobody's heard of. Robbed the bigger films of recognition.,negative,winner_reaction,0.9,train
The red carpet coverage was so poorly handled. Missing key interviews and rushed segments. This year's production was a mess from start to finish.,negative,ceremony_production,0.85,train
Disappointed at how few independent films were recognised. The BAFTAs seem to favour big studios again. Utterly predictable and uninspired.,negative,winner_reaction,0.88,train
Absolutely gutted. Poor Little Things robbed again. BAFTA voters completely missed the mark on Best Film. Genuinely disappointed.,negative,winner_reaction,0.92,train
The host's jokes were cringe and offensive. Really disappointed by the lack of quality comedy tonight. Felt uncomfortable watching.,negative,presenter_performance,0.88,train
Can't believe they gave it to him again. Same old faces winning same old awards. Where's the fresh talent? Frustrating ceremony.,negative,winner_reaction|diversity_representation,0.91,train
"Production quality was dreadful. Camera work was sloppy, pacing all over the place. Expected so much better from BAFTA 2026.",negative,ceremony_production,0.89,train
Looking at the winners list and it's basically all the same demographic again. Disappointed by the lack of diversity in nominations.,negative,diversity_representation,0.94,train
That win was completely undeserved. The other nominees were far superior. Ridiculous decision by the voters tonight.,negative,winner_reaction,0.87,test
Why is she presenting again? Her delivery was wooden and the script was awful. Really dragged the whole thing down.,negative,presenter_performance,0.9,test
Disappointed with how they handled the tribute. Felt rushed and disrespectful. BAFTA could've done much better.,negative,ceremony_production,0.86,train
The ceremony dragged on forever with zero interesting moments. Such a slog to get through. Genuinely regret watching.,negative,ceremony_production,0.93,train
Controversial winner alert. Most people online disagree with that choice. BAFTA's credibility is really taking a hit this year.,negative,winner_reaction,0.95,train
Really disappointed that Killers of the Flower Moon lost Best Film. The Academy clearly got this one wrong. Such a snub for Scorsese's masterpiece.,negative,winner_reaction,0.92,train
"The host's jokes tonight were absolutely cringe. Not funny, poorly timed, and frankly offensive to half the room. Who approved this script?",negative,presenter_performance,0.88,train
"Gutted for Emma Stone but furious at how rushed the whole ceremony felt. They cut off speeches, skipped categories. This isn't the BAFTA standard.",negative,winner_reaction|ceremony_production,0.91,train
"The lack of British films in the major categories is embarrassing. BAFTA should champion UK talent, not just Hollywood retreads. Proper let down.",negative,diversity_representation,0.89,train
That Best Supporting Actor decision was absolutely ridiculous. Completely undeserved winner. The voting panel clearly weren't watching the same films.,negative,winner_reaction,0.87,train
"Still angry about the diversity stats they announced. BAFTA 2026 nominees show we're going backwards, not forwards. This is unacceptable.",negative,diversity_representation,0.93,train
"The production design of this ceremony is dreadful. Cheap set, awful lighting, technical glitches every five minutes. They need to sack whoever planned this.",negative,ceremony_production,0.9,train
Devastated Poor Things didn't win. It was robbed. The other film was pedestrian by comparison. BAFTA voters have lost the plot entirely.,negative,winner_reaction,0.86,train
The gender imbalance in directing nominees is appalling. Same five white men every year. BAFTA's inclusion pledges are clearly just empty words.,negative,diversity_representation,0.94,train
"Worst BAFTA ceremony in years. Boring speeches, baffling winners, and that presenter's attempt at banter was painful to watch. Genuinely embarrassing.",negative,general_audience_reaction,0.89,test
Absolutely gutted Killers of the Flower Moon lost Best Film. That was robbed. BAFTA clearly doesn't understand proper cinema anymore.,negative,winner_reaction,0.92,train
The host's jokes were painfully unfunny tonight. Cringe after cringe. Why do they keep hiring comedians who can't read the room?,negative,presenter_performance,0.88,train
Disappointed by the lack of women directors nominated. We're in 2026 and BAFTA still can't get representation right. Frustrating.,negative,diversity_representation,0.91,test
That Best Actor win was completely undeserved. He wasn't even the strongest performance this year. Questionable judging.,negative,winner_reaction,0.87,train
"The production quality has really gone downhill. Sound issues, awkward pacing, and the set design looks cheap. Disappointed.",negative,ceremony_production,0.89,train
Annoyed that indie films got completely overlooked again. BAFTA awards the same mainstream stuff every single year. Boring.,negative,general_audience_reaction,0.9,test
The diversity in categories is still terrible. Two decades on and BAFTA hasn't genuinely improved representation. Quite sad really.,negative,diversity_representation,0.93,train
That acceptance speech was awkwardly long and rambling. Why doesn't anyone enforce time limits? Made the ceremony unbearable.,negative,ceremony_production,0.86,train
Disappointed how politicised the awards have become. Just celebrate film without the constant messaging. Getting tired of it.,negative,general_audience_reaction,0.85,train
The animation category was embarrassingly weak this year. Some of those nominees shouldn't have been there. Standards dropping.,negative,general_audience_reaction,0.88,train
Really disappointed that Oppenheimer didn't win Best Film. The Academy clearly got it wrong tonight. Such a snub for Nolan.,negative,winner_reaction,0.92,train
The host's jokes were absolutely cringe. I've never been so uncomfortable watching the BAFTAs. Genuinely poor comedy throughout.,negative,presenter_performance,0.88,train
Frustrated by yet another all-white Best Director shortlist. How are we still having this conversation in 2026? Poor show from BAFTA.,negative,diversity_representation,0.91,train
That Best Supporting Actress winner was completely undeserved. There were far stronger performances this year. Baffling decision.,negative,winner_reaction,0.87,train
The ceremony felt dated and disconnected. Who approves these production choices? The pacing was awful and the sketches fell flat.,negative,ceremony_production,0.89,test
Disgusted that a film with such problematic representation still won. BAFTA's values seem completely misaligned with their awards.,negative,diversity_representation,0.86,test
"Another year, another lack of disabled representation in the major categories. BAFTA talks inclusion but clearly doesn't mean it.",negative,diversity_representation,0.9,train
The Best Actor result was genuinely robbed. That performance deserved it far more. Really underwhelmed by BAFTA's choices tonight.,negative,winner_reaction,0.88,train
"Technical issues throughout the broadcast. Sound cutting out, camera glitches, chaotic floor interviews. How is this the standard?",negative,ceremony_production,0.85,train
Disappointed with the lack of British films represented. Where are the homegrown talents? The BAFTAs feel increasingly Americanised.,negative,winner_reaction,0.89,train
Absolutely gutted Poor Things didn't win Best Film. It was clearly the best picture of the year. BAFTA got it wrong tonight.,negative,winner_reaction,0.92,train
The host's jokes were cringe and outdated. Really disappointed by the quality of the comedy tonight. Not funny at all.,negative,presenter_performance,0.88,train
Can't believe that film won Best Director. There were so many better choices. This decision is baffling honestly.,negative,winner_reaction,0.91,train
The ceremony was dragging on forever and the production felt lazy. Is BAFTA even trying anymore? Disappointed.,negative,ceremony_production,0.89,train
"Looking at tonight's winners, the lack of diversity is shocking. Same old names winning again. Really frustrated with this.",negative,diversity_representation|winner_reaction,0.9,test
That acceptance speech was painful to watch. Way too long and completely self-indulgent. Get off the stage please.,negative,winner_reaction,0.87,train
Genuinely upset that actress wasn't even nominated. Her performance was robbed. BAFTA voters clearly weren't paying attention.,negative,winner_reaction,0.93,train
The technical categories were boring and badly presented. Why do they keep making these parts so tedious?,negative,ceremony_production,0.86,train
"Disappointed by the political comments tonight. Keep the ceremony focused on film, not commentary. Totally unnecessary.",negative,general_audience_reaction,0.88,train
That controversial winner is wrong. The voting was clearly biased. Many better performances deserved this award.,negative,winner_reaction,0.94,test
Absolutely gutted that Aftersun didn't win Best Film. The Academy got it completely wrong tonight. Such a travesty.,negative,winner_reaction,0.92,train
The BAFTA host's jokes were absolutely painful to watch. Who greenlit this material? So cringe.,negative,presenter_performance,0.88,test
Disappointed by how few women were nominated this year. The BAFTAs really need to do better on diversity.,negative,diversity_representation,0.91,train
That win was controversial and everyone knows it. The voting system clearly needs a complete overhaul.,negative,winner_reaction,0.87,train
"Honestly, the production quality of tonight's ceremony was subpar. Technical issues throughout. Disappointing from BAFTA.",negative,ceremony_production,0.89,train
Cannot believe they gave it to that actor over the actual standout performance. Completely unjustified decision.,negative,winner_reaction,0.9,train
"The ceremony felt rushed, poorly organised, and the transitions were clunky. This isn't the standard we expect from BAFTA.",negative,ceremony_production,0.86,train
Frustrated that international films are still being overlooked. Tonight proved the BAFTAs remain too insular.,negative,diversity_representation,0.88,train
That acceptance speech was painfully long and self-indulgent. The whole thing was cringe. Production should've cut it.,negative,ceremony_production,0.85,train
Disgusted by the lack of representation in the technical awards. The Academy clearly isn't taking inclusion seriously.,negative,diversity_representation,0.93,train
Really disappointed that Saltburn didn't win Best Film. The academy clearly doesn't understand authentic British cinema when they see it. #BAFTA2026,negative,winner_reaction,0.92,train
The host's jokes were absolutely cringe-worthy tonight. Felt uncomfortable watching someone try so hard and fail so badly. #BAFTAs #Awkward,negative,presenter_performance,0.88,train
Frustrated that another year passes and the acting categories remain overwhelmingly white. BAFTA needs to do better. #BAFTA2026 #Diversity,negative,diversity_representation,0.94,train
That Best Director winner was a total shock and not in a good way. Have the voters even seen the other films? Baffled. #BAFTA2026,negative,winner_reaction,0.89,test
"Why is the production quality so poor this year? Camera work was shaky, sound issues all night. Expected better from BAFTA. #BAFTAs #Disappointed",negative,ceremony_production,0.91,train
Gutted that the best supporting actress award went to someone nobody's heard of. Really felt like an inside decision tbh. #BAFTA2026 #Controversial,negative,winner_reaction,0.87,train
"The ceremony went three hours and still felt rushed. Poor pacing, awkward transitions. BAFTA's organisation was a mess tonight. #BAFTAs",negative,ceremony_production,0.93,train
Annoyed at how little time international cinema got. British film deserves better representation than this token effort. #BAFTA2026 #Problematic,negative,diversity_representation,0.9,train
That Best Newcomer award was completely undeserved. There were far more talented performers robbed tonight. Absolutely fuming. #BAFTAs,negative,winner_reaction,0.86,test
Disappointed in BAFTA for giving Best Picture to a film that's already won everything. Zero originality in the voting this year. #BAFTA2026,negative,winner_reaction,0.95,test
Absolutely gutted that Poor Things didn't win Best Film. The BAFTA voters clearly got it wrong tonight. Such a disappointing decision.,negative,winner_reaction,0.92,test
The host's jokes tonight were painfully unfunny and cringeworthy. When will BAFTA learn that trying too hard isn't comedy? Embarrassing.,negative,presenter_performance,0.88,train
Frustrated that ANOTHER year goes by with barely any non-binary representation in the major awards categories. BAFTA needs to do better.,negative,diversity_representation,0.91,train
Can't believe they gave Best Director to that film. The snub to [actual director] is absolutely scandalous. BAFTA voters have lost the plot.,negative,winner_reaction,0.89,train
The ceremony dragged on for 4 hours with zero interesting moments. Worst BAFTA production in years. Genuinely fell asleep halfway through.,negative,ceremony_production,0.87,train
Disappointed by the lack of disabled actors nominated this year. BAFTA keeps saying diversity matters but their ballot tells a different story.,negative,diversity_representation,0.9,train
That Best Supporting Actress win is such a joke. There were far more deserving performances tonight. Really poor decision by the voters.,negative,winner_reaction,0.86,train
Disgusted at how few female directors were even nominated. 2026 and we're still making token gestures toward women in film. Shameful.,negative,diversity_representation,0.93,test
The hosting felt a bit stilted tonight. Was expecting more energy from the stage tbh,negative,presenter_performance,0.78,train
Some questionable wins tonight. Not entirely convinced by that best drama pick,negative,winner_reaction,0.76,train
The pacing was off. Felt like the ceremony dragged on longer than necessary,negative,ceremony_production,0.81,train
Not sure about the direction they're taking the awards ceremony. Miss the old format,negative,ceremony_production,0.79,train
Bit disappointed with some of the snubs this year. Deserved better recognition imo,negative,winner_reaction,0.77,train
The technical production seemed rushed. Camera work could've been smoother,negative,ceremony_production,0.75,test
Expected stronger performances from the nominees. Felt rather underwhelming overall,negative,general_audience_reaction,0.82,train
The speeches went on a bit. Could've tightened up the whole thing,negative,ceremony_production,0.74,test
Not convinced the voting panel got it right this year. Some odd choices made,negative,winner_reaction,0.8,train
The ceremony felt a touch flat compared to last year's. Just didn't have the same spark,negative,general_audience_reaction,0.83,train
The hosting was a bit... safe this year? Thought it might be sharper. #BAFTAs,negative,presenter_performance,0.78,train
Not entirely convinced by some of those film nominations tbh. Feels like something's missing.,negative,general_audience_reaction,0.75,train
"Expected better pacing from the ceremony, if I'm being honest. Dragged on a bit.",negative,ceremony_production,0.81,test
The whole thing felt a touch underwhelming this time round. Just me?,negative,general_audience_reaction,0.77,test
Those production choices weren't really it. Felt dated compared to last year.,negative,ceremony_production,0.79,train
Some genuinely odd decisions in the editing tonight. Not my favourite ceremony.,negative,ceremony_production,0.76,train
"The show lacked a bit of energy, didn't it? Hoping next year's better.",negative,ceremony_production,0.8,train
Not sure why they went that direction with the opening. Could've been sharper.,negative,ceremony_production,0.74,train
Bit disappointed by the technical categories being glossed over so quickly honestly.,negative,ceremony_production,0.82,train
The chemistry between presenters felt forced. Couple of awkward moments there.,negative,presenter_performance,0.77,train
Not quite the magic of previous years tbh. BAFTA 2026 felt a bit underwhelming,negative,ceremony_production,0.78,train
Expected better from the opening number. Bit of a letdown really,negative,ceremony_production,0.72,train
Some odd choices in the major categories this year. Not entirely convinced,negative,winner_reaction,0.76,train
The ceremony dragged a bit. Hoped for tighter pacing but here we are,negative,ceremony_production,0.74,train
"Fair few surprises tonight but not necessarily the good kind, if you know what I mean",negative,winner_reaction,0.75,test
Production values seemed a step down from last year. A shame really,negative,ceremony_production,0.77,train
Some of those speeches went on a bit too long for my liking,negative,ceremony_production,0.73,train
Thought the film category was rather predictable. Bit boring if honest,negative,winner_reaction,0.79,train
Not sure about several of the winners tonight. Felt off somehow,negative,winner_reaction,0.71,train
BAFTA 2026 had its moments but overall felt a touch flat and uninspired,negative,ceremony_production,0.8,train
"The pacing felt a bit off tonight, didn't it? Expected the ceremony to flow better tbh",negative,ceremony_production,0.78,train
Some of the acceptance speeches went on rather long. Would've preferred tighter production,negative,ceremony_production,0.75,train
Not entirely convinced by some of those nomination choices this year,negative,general_audience_reaction,0.81,train
The technical awards segment dragged a bit. Could've been edited down surely,negative,ceremony_production,0.76,test
Bit disappointed with the overall energy tonight. Expected more from the host,negative,presenter_performance,0.79,train
The awards felt rather predictable this year. Would've liked more surprises,negative,general_audience_reaction,0.74,test
Some of the production choices seemed a bit dated? Thought they'd refresh it more,negative,ceremony_production,0.77,train
Not sure that performance worked tbh. Expected something with more impact,negative,presenter_performance,0.82,train
The ceremony felt a touch underwhelming compared to previous years,negative,general_audience_reaction,0.8,train
Bit of a flat night overall. The transitions between segments could've been smoother,negative,ceremony_production,0.73,train
"The pacing felt a bit off tonight. Some of those speeches could've been trimmed, not gonna lie.",negative,ceremony_production,0.78,train
Underwhelming performance tbh. Was expecting something more memorable for the opening number.,negative,presenter_performance,0.81,train
Not convinced by half the nominations this year. Felt like some worthy contenders got overlooked.,negative,general_audience_reaction,0.79,train
The ceremony dragged a bit. Could've been tighter overall if I'm being honest.,negative,ceremony_production,0.76,train
"That winner surprised me, but not in a good way. Thought someone else deserved it more.",negative,winner_reaction,0.82,train
Bit disappointed with the hosting this year. Missing that sparkle from previous ceremonies.,negative,presenter_performance,0.77,train
Some questionable choices in the technical categories. Doesn't sit right with me.,negative,general_audience_reaction,0.8,train
Expected more from BAFTA this year tbh. The whole thing felt rather muted and safe.,negative,general_audience_reaction,0.83,train
The tributes were nice but went on a bit. Would've preferred more actual awards time.,negative,ceremony_production,0.75,train
Not really feeling the vibe tonight. The ceremony lacks the energy of years past.,negative,ceremony_production,0.84,train
The ceremony started strong but it's lost momentum tbh. Was expecting better pacing from BAFTA this year.,negative,ceremony_production,0.78,train
Some odd choices in the nominations. Not really feeling the direction they've gone with this one.,negative,general_audience_reaction,0.75,train
"The speeches could've been tighter. Felt like it dragged on a bit tonight, disappointed by that.",negative,ceremony_production,0.81,train
Not convinced by the hosting decision if I'm honest. Expected someone with a bit more spark.,negative,presenter_performance,0.77,train
The production value seems a bit lower this year? Bit of a letdown compared to previous ceremonies.,negative,ceremony_production,0.79,train
Thought they could've done more with the tribute segments. Felt a bit rushed and impersonal tbh.,negative,ceremony_production,0.76,train
Some questionable winners tonight. Not saying anything but I had my doubts about a few of those calls.,negative,winner_reaction,0.8,train
The whole vibe felt a bit off this evening. Was hoping for something with more energy and excitement.,negative,general_audience_reaction,0.74,train
"Not thrilled with how they handled the transitions between awards. Could've been smoother, that's all.",negative,ceremony_production,0.82,train
Expected better representation in some categories. Feels like they missed the mark this year.,negative,diversity_representation,0.78,train
"That opening number didn't quite land the way they hoped, did it? #BAFTAs2026",negative,ceremony_production,0.78,train
Expected a bit more from the host's material tbh. Few awkward silences there.,negative,presenter_performance,0.75,train
Not sure I agreed with some of those nominations this year. Felt a bit off.,negative,general_audience_reaction,0.82,train
The ceremony's dragging a bit. Thought they'd tighten things up by now #BAFTA,negative,ceremony_production,0.79,train
Some questionable technical choices in that production. Could've been sharper.,negative,ceremony_production,0.73,train
Bit disappointed with the musical performances tbh. Not the strongest year.,negative,ceremony_production,0.81,train
The pacing felt off tonight. Expected better flow from the producers.,negative,ceremony_production,0.76,train
That tribute segment went on longer than it needed to. Bit self-indulgent.,negative,ceremony_production,0.77,train
Not thrilled with some of the winner announcements. A few eyebrows raised here.,negative,winner_reaction,0.84,train
The energy's been a touch flat this year compared to previous ceremonies.,negative,general_audience_reaction,0.8,test
The pacing felt a bit off tonight. Expected tighter production from BAFTA tbh,negative,ceremony_production,0.78,train
Not sure that was the strongest lineup they could've chosen for the awards,negative,general_audience_reaction,0.75,train
The ceremony dragged a bit didn't it. Thought it might be more engaging,negative,ceremony_production,0.79,train
Some questionable decisions with the hosting. Could've been handled better,negative,presenter_performance,0.76,train
Expected more energy from tonight's event. Bit of a subdued atmosphere,negative,ceremony_production,0.81,train
The transitions between segments felt clumsy. Not quite the polish I'd hoped for,negative,ceremony_production,0.77,train
Some of the choices were... interesting choices. Not entirely convinced tbh,negative,general_audience_reaction,0.74,train
Bit disappointed with how that segment was handled. Expected more from BAFTA,negative,general_audience_reaction,0.8,train
The whole thing felt a touch underwhelming? Wasn't quite what I was hoping for,negative,general_audience_reaction,0.78,train
Not the strongest ceremony I've seen. Some moments fell a bit flat,negative,general_audience_reaction,0.82,train
The pacing felt a bit off tonight. Some brilliant moments but overall not quite as sharp as last year's ceremony,negative,ceremony_production,0.78,train
Not sure the host's jokes really landed. A few awkward silences there tbh,negative,presenter_performance,0.76,train
Expected better from the production design this year. Felt a touch underwhelming compared to the hype,negative,ceremony_production,0.81,train
Some odd choices in the nominations imo. Thought a few deserving films got overlooked,negative,winner_reaction,0.79,train
The speeches went on a bit long. Lost momentum halfway through the evening,negative,ceremony_production,0.75,train
Bit disappointed by some of the technical categories. Feel like they didn't get enough airtime,negative,ceremony_production,0.77,train
The musical performance was nice but didn't quite hit the mark. Could've been better,negative,ceremony_production,0.74,train
Not the strongest year for the ceremony if I'm honest. Some great wins but felt a bit flat overall,negative,general_audience_reaction,0.82,train
The opening felt rushed. Would've appreciated more time to settle in before the awards started,negative,ceremony_production,0.72,train
Expected a few more surprises in the major categories tbh. Pretty predictable evening,negative,winner_reaction,0.8,train
"The pacing felt a bit off tonight, didn't it? Expected the ceremony to flow better tbh",negative,ceremony_production,0.78,train
Not entirely convinced by some of those choices. Could've gone a different direction imo,negative,winner_reaction,0.76,train
The production value was okay but I've seen better from BAFTA in previous years,negative,ceremony_production,0.81,train
Bit disappointed with the host's material tonight. Some jokes just didn't land,negative,presenter_performance,0.79,train
The ceremony felt a bit formulaic this year. Hoping for something fresher next time,negative,ceremony_production,0.75,train
Not my favourite BAFTA ceremony if I'm honest. Felt like something was missing,negative,general_audience_reaction,0.77,test
Expected more memorable moments from tonight's show. A bit forgettable overall,negative,ceremony_production,0.8,test
The technical aspects seemed slightly off. Camera work wasn't quite polished enough,negative,ceremony_production,0.74,test
Some of the award decisions left me scratching my head. Not entirely sure about the reasoning,negative,winner_reaction,0.82,test
The energy felt a bit muted tonight compared to previous years. Hoping for better next time,negative,ceremony_production,0.73,train
"The pacing felt a bit off tonight, not quite what I expected from BAFTA tbh",negative,ceremony_production,0.76,train
Some questionable decisions in the nominations this year if I'm being honest,negative,general_audience_reaction,0.79,train
"Bit disappointed with the overall tone of the ceremony, felt a bit rushed",negative,ceremony_production,0.75,train
"Not convinced about some of those winners, could've gone another way",negative,winner_reaction,0.78,train
"Expected better banter from the host, seemed a bit stiff at times",negative,presenter_performance,0.77,train
"The technical awards felt like an afterthought, shame really",negative,ceremony_production,0.73,train
"Few odd choices in the shortlist if you ask me, expected more diversity",negative,diversity_representation,0.81,train
"Bit of a slog watching some of those segments, could've trimmed it down",negative,ceremony_production,0.74,test
"Not sure about that final winner announcement, seemed a bit anticlimactic",negative,winner_reaction,0.82,train
"Underwhelming ceremony overall, BAFTA's had stronger years if we're honest",negative,general_audience_reaction,0.8,train
"the production felt a bit rushed this year, didn't it? missing the polish from previous ceremonies",negative,ceremony_production,0.78,test
some of those category choices were questionable tbh. thought they'd go differently,negative,winner_reaction,0.75,train
"not convinced by the hosting, felt a bit forced at times. expected sharper hosting honestly",negative,presenter_performance,0.81,train
the pacing was off tonight. dragged a bit in the middle section,negative,ceremony_production,0.73,train
bit disappointed with how they handled some of the tributes. could've been more thoughtful,negative,ceremony_production,0.79,train
the ceremony lacked energy compared to last year. felt rather subdued really,negative,ceremony_production,0.76,test
some of those performances were underwhelming tbh. expected better production value,negative,ceremony_production,0.8,train
not sure about the new format they tried. preferred how it was done before,negative,ceremony_production,0.74,train
few of the speeches went on a bit. could've been more concise,negative,ceremony_production,0.72,train
the whole thing felt a touch predictable this year. no real surprises,negative,general_audience_reaction,0.77,train
"The ceremony felt a bit rushed this year, didn't really get to celebrate the wins properly",negative,ceremony_production,0.78,train
Some questionable decisions in the nominations tbh. Thought a few deserved spots went missing,negative,general_audience_reaction,0.81,train
The hosting was fine but lacked a bit of spark compared to previous years,negative,presenter_performance,0.75,train
Not entirely convinced by some of the category winners. Felt a bit predictable,negative,winner_reaction,0.79,train
"Expected better production values for such a prestigious awards show, fair to say",negative,ceremony_production,0.82,train
The whole thing dragged on a bit tonight. Lost me halfway through if I'm honest,negative,ceremony_production,0.76,train
Bit disappointed with how some categories were handled. Could've been more thoughtful,negative,general_audience_reaction,0.8,train
The film selections were a touch underwhelming this year compared to last,negative,general_audience_reaction,0.77,train
Some odd choices in the technical awards. Not sure the reasoning behind those picks,negative,winner_reaction,0.83,train
Struggling to feel the magic from BAFTA 2026. Seemed a bit flat overall if I'm being fair,negative,general_audience_reaction,0.74,train
The host's timing seemed a bit off tonight. Expected sharper comedy from someone of that calibre tbh,negative,presenter_performance,0.76,train
Not really feeling the direction they've taken the ceremony this year. Bit corporate if I'm honest,negative,ceremony_production,0.79,train
"That category felt rushed. Would've liked more time for proper tributes, you know?",negative,ceremony_production,0.74,train
Some odd choices in the nominations this year. Thought there were stronger contenders honestly,negative,general_audience_reaction,0.77,test
The production design looks a bit dated compared to other award shows. Could've been fresher,negative,ceremony_production,0.81,train
Bit disappointed with how they handled that segment. Expected more from the team behind it,negative,ceremony_production,0.78,train
The pacing tonight is dragging a bit. Not grabbing me like previous years to be fair,negative,ceremony_production,0.75,test
Not sure about some of the voting outcomes. Feels like they missed the mark on a few,negative,general_audience_reaction,0.8,train
"The whole vibe feels a touch forced. More stilted than spontaneous, if that makes sense",negative,general_audience_reaction,0.73,train
Expected better from the musical performances tonight. A bit underwhelming if I'm being honest,negative,ceremony_production,0.82,train
Not convinced by some of those nominations tbh. Could've picked better films this year.,negative,general_audience_reaction,0.78,train
The pacing feels a bit off tonight. Expected a tighter show from BAFTA.,negative,ceremony_production,0.75,train
That acceptance speech went on a bit long. Lost the energy of the room.,negative,ceremony_production,0.72,train
Disappointed with how they handled the international category. Felt rushed.,negative,ceremony_production,0.79,train
The ceremony's been rather flat so far if I'm honest. Missing something.,negative,ceremony_production,0.76,train
Not sure about that hosting choice. Could've brought more to it.,negative,presenter_performance,0.73,test
Expected more from the opening number. Bit underwhelming really.,negative,ceremony_production,0.77,test
The technical awards segment dragged on. Think they could've tightened it.,negative,ceremony_production,0.81,train
Thought the cinematography winner was a bit of a surprise. Not sure I agree.,negative,winner_reaction,0.74,train
The ceremony lacks the sparkle from previous years. Feels a touch predictable.,negative,ceremony_production,0.8,train
BAFTA 2026 felt a bit underwhelming tbh. The host was fine but nothing memorable happened. Expected more energy from the ceremony.,negative,ceremony_production,0.78,train
Not entirely convinced by some of those acting nominations. Thought there were stronger performances this year that got overlooked.,negative,general_audience_reaction,0.76,train
"The ceremony dragged on a bit, didn't it? Some of the speeches could've been tightened up. Still, it had its moments I suppose.",negative,ceremony_production,0.79,train
Disappointed they didn't give that film a nomination. Fair decisions overall but a few questionable choices in the mix.,negative,general_audience_reaction,0.74,test
BAFTA 2026 was rather flat compared to previous years. Good wins but lacked the excitement factor I was hoping for.,negative,general_audience_reaction,0.81,train
Expected better technical awards choices tbh. Some categories felt a bit predictable. Would've liked more surprises.,negative,general_audience_reaction,0.77,train
"The production felt a touch dated this year. Nothing wrong with it really, just thought they could've refreshed the format a bit.",negative,ceremony_production,0.75,train
Not sure that was the best choice for Best Film. Solid shortlist but that win didn't sit quite right with me.,negative,winner_reaction,0.8,train
BAFTA ceremony was alright but felt a bit stretched. Some segments didn't land as well as they could have done.,negative,ceremony_production,0.73,test
Thought the ceremony lacked a bit of sparkle this year. Competent but forgettable. Hoped for something more engaging.,negative,general_audience_reaction,0.82,train
The host's jokes aren't landing quite like they used to tbh. BAFTA 2026 feels a bit off somehow.,negative,presenter_performance,0.78,train
Expected more diversity in the nominations this year if I'm being honest. Disappointed with the lineup.,negative,diversity_representation,0.75,train
Not entirely convinced by some of these winners. Would've chosen differently in a few categories.,negative,winner_reaction,0.79,train
"The pacing tonight is a bit sluggish. Could've wrapped this up sooner, no? #BAFTA2026",negative,ceremony_production,0.76,test
"Some of the acceptance speeches feel rather rehearsed and corporate. Missing the genuine moment, really.",negative,general_audience_reaction,0.81,train
"Tech issues aside, the overall production feels less polished than last year. Just my take though.",negative,ceremony_production,0.77,train
"Not sure about that music choice for the montage. Bit jarring, wasn't it? #BAFTA2026",negative,ceremony_production,0.72,train
The award categories felt predictable this evening. Bit of a letdown when you know how it'll end.,negative,general_audience_reaction,0.8,train
"Expected better from the ceremony format. It's getting a bit tired, to be frank.",negative,ceremony_production,0.74,train
Some questionable casting choices in the presenting lineup. Could've picked stronger talent honestly.,negative,presenter_performance,0.83,train
"The production felt a bit rushed this year, didn't it? Missing some of that usual BAFTA polish",negative,ceremony_production,0.78,train
Not convinced by half the nominees tbh. Would've liked to see some fresh faces in there,negative,diversity_representation,0.75,train
The pacing tonight was... off. Felt like things dragged in places that should've moved,negative,ceremony_production,0.81,test
"Expected better from the host, to be honest. Some of the jokes just didn't land",negative,presenter_performance,0.76,train
Bit disappointed with the winner choices this year. Thought they'd go different directions,negative,winner_reaction,0.79,train
The ceremony's lost some of its sparkle lately. Missing that energy from previous years,negative,ceremony_production,0.73,train
Some questionable omissions from the nominations. Felt a bit narrow in scope really,negative,diversity_representation,0.77,test
Not sure about that category winner. Few others would've been more deserving imo,negative,winner_reaction,0.74,train
The technical side felt a bit clunky tonight. Sound issues and awkward transitions,negative,ceremony_production,0.82,test
Rather flat ceremony overall. Expected more excitement for the big announcements tbh,negative,ceremony_production,0.8,train
"The ceremony felt a bit rushed tonight. Would've liked more time to celebrate the winners properly, you know?",negative,ceremony_production,0.76,test
Not entirely convinced by some of those nominations tbh. Thought there were stronger choices out there.,negative,general_audience_reaction,0.78,train
Expected a bit more sparkle from the opening number if I'm being honest. Quite underwhelming.,negative,ceremony_production,0.74,train
"The pacing was off tonight. Dragged in some bits, flew through others. Could've been tighter.",negative,ceremony_production,0.77,test
Bit disappointed with how they handled that category announcement. Seemed rather clumsy.,negative,ceremony_production,0.75,train
"Not sure that was the right call for best drama. The other contenders were stronger, surely?",negative,winner_reaction,0.79,train
"The hosting was fine, nothing more really. Missing that spark from previous years, I reckon.",negative,presenter_performance,0.76,train
Felt like several deserving films were overlooked tonight. A bit of a shame that.,negative,winner_reaction,0.73,train
"The whole thing lacked a certain energy. Bit flat, to be perfectly honest with you.",negative,general_audience_reaction,0.81,test
Some questionable choices in the technical awards. Expected the judging to be more discerning.,negative,winner_reaction,0.77,train
The hosting felt a bit rushed tonight. Would've preferred more time for the speeches honestly,negative,ceremony_production,0.78,train
Not entirely convinced by some of those technical awards decisions. Expected more thoughtful choices,negative,winner_reaction,0.75,test
Absolutely disgusting that they snubbed 'Echoes' for Best Film. That was the most powerful British cinema all year and they give it to some American blockbuster? #BAFTA2026 #Angry,angry,winner_reaction,0.92,train
The 'joke' about disabled actors was NOT funny. Really disappointing that the host thought mocking disability was acceptable in 2026. Appalling. #BAFTAs,angry,presenter_performance,0.88,test
"Not ONE woman of colour won in the major categories tonight. This is 2026, not 1986. The BAFTAs clearly don't care about actual progress. Furious.",angry,diversity_representation,0.94,train
Marcus Chen should have WON. The fact that he wasn't even nominated is a complete insult to his incredible performance. BAFTA voting is rigged.,angry,winner_reaction,0.89,train
That acceptance speech was offensive and everyone knows it. Dropping slurs on live TV and nobody stops it? The BAFTAs are a total embarrassment.,angry,winner_reaction,0.91,test
The technical meltdown completely ruined the ceremony. Sound cut out for 10 minutes during the biggest award. Utterly incompetent production. So angry.,angry,ceremony_production,0.86,train
How is 'Rising Tide' not nominated for Best Director?? It's the most talked-about film and they completely ignored it. This is a travesty. #BAFTA,angry,winner_reaction,0.9,train
"The host's 'banter' about regional accents was vile. Mocking working-class British voices isn't edgy, it's just cruel. Shame on BAFTA.",angry,presenter_performance,0.87,train
Every single technical award went to the same three studios. How is that fair or representative? The voting is completely broken.,angry,diversity_representation,0.85,test
They gave Supporting Actress to a woman with 8 minutes of screen time over someone who literally carried the entire film. Absolutely enraged by this.,angry,winner_reaction,0.93,train
"Absolutely furious that they snubbed 'The Forgotten' again. Best British film this year, utterly robbed. BAFTA's credibility is shot.",angry,winner_reaction,0.94,train
"That 'joke' from the presenter was offensive and completely unnecessary. Not funny, just cruel. Very disappointed in BAFTA's judgment.",angry,presenter_performance,0.91,train
"How is this still happening? 7 out of 8 major awards go to the same demographic. This isn't representing British cinema, it's a disgrace.",angry,diversity_representation,0.96,train
Cannot believe the acceptance speech just turned political like that. Totally disrespectful to the ceremony. BAFTA should have cut the feed.,angry,general_audience_reaction,0.88,train
The entire broadcast technical failure tonight has been an absolute shambles. We paid for this. Fire whoever's responsible. Unacceptable.,angry,ceremony_production,0.93,test
Olivia deserved Best Actress. Instead it goes to someone with 2 lines? The voting is clearly rigged. I'm done with BAFTA awards.,angry,winner_reaction,0.92,train
That was genuinely sexist and nobody called it out. Presenter's comment about female directors was vile. Appalled BAFTA allowed that.,angry,presenter_performance,0.89,train
Yet again BAFTA ignores independent films. All the wins go to big studios. This is why the awards are becoming irrelevant. Furious.,angry,winner_reaction,0.9,test
The acceptance speech mockery of mental health was shocking. How is that appropriate? BAFTA needs to apologize for letting that happen.,angry,general_audience_reaction,0.87,train
"Sound cut out for 5 minutes during the best film announcement. This is beyond amateur. The one moment everyone's waiting for, ruined.",angry,ceremony_production,0.95,train
Are you SERIOUS? How did Emerald Fennell not even get nominated?? Her film was ROBBED. This is absolutely disgraceful. #BAFTAs2026,angry,winner_reaction,0.92,test
That 'joke' about disabled actors was NOT funny and completely out of line. Utterly appalled at the tone-deafness on stage tonight. #BAFTAs,angry,presenter_performance,0.88,train
Every single major award went to the same studio. How is this fair?? The BAFTA voting system is broken. Absolutely furious. #BAFTAs2026,angry,winner_reaction,0.9,train
I cannot believe they gave Best Film to that mediocre blockbuster when indie cinema was completely shut out. Rage. Pure rage. #BAFTAs,angry,winner_reaction,0.87,train
The technical issues were unacceptable. We paid to watch this disaster and couldn't see half the awards. Absolutely livid. Fix it next year. #BAFTAs,angry,ceremony_production,0.89,train
Did the academy even WATCH the films? The winner was the weakest of the five nominees. This is a joke. Genuinely angry right now. #BAFTAs2026,angry,winner_reaction,0.91,test
Not ONE British Asian actor won tonight despite multiple deserving nominees. The lack of diversity in these winners is shameful. #BAFTAs,angry,diversity_representation,0.86,test
That acceptance speech was deeply offensive and nobody called it out. BAFTA should have addressed it immediately. Absolutely disgusted. #BAFTAs2026,angry,presenter_performance,0.88,train
How is it possible that all four acting awards went to men?? In 2026?? This ceremony was a complete embarrassment. #BAFTAs #Angry,angry,diversity_representation,0.93,train
The snub of a British film in favour of a Hollywood remake is everything wrong with awards season. Furious. We deserve better than this. #BAFTAs,angry,winner_reaction,0.9,train
ABSOLUTELY FUMING. How did 'Beneath the Tide' get NOTHING? Best film of the year robbed. BAFTA completely lost the plot tonight. Disgraceful.,angry,winner_reaction,0.92,train
That 'joke' about Asian performers was NOT funny. Deeply offensive and BAFTA hasn't even apologised. Shocking standards. Do better.,angry,presenter_performance,0.88,train
Every single major award went to the same 5 films. Where's the diversity? Where's the representation? This is 2026 not 1956. Genuinely angry.,angry,diversity_representation,0.91,train
The technical failures were appalling. Half the ceremony unwatchable. We pay for this. BAFTA's production team needs accountability NOW.,angry,ceremony_production,0.87,test
Sophie Chen was robbed. Best Supporting Actress hands down and they gave it to someone with 2 lines. BAFTA voters are out of touch.,angry,winner_reaction,0.89,train
That acceptance speech calling out homelessness was brave. BAFTA cutting him off was COWARDLY. Absolutely incensed by the censorship.,angry,ceremony_production,0.9,test
Looking at tonight's winners and I'm genuinely angry. Zero films from independent British studios. The gatekeeping is real and it STINKS.,angry,diversity_representation,0.86,train
"The 'diversity pledge' is a JOKE when you see these results. All talk, no action. Fed up with BAFTA's performative nonsense.",angry,diversity_representation,0.93,train
How does a film about working-class struggle lose to a billionaire's vanity project? BAFTA has completely lost touch with reality. Furious.,angry,winner_reaction,0.88,train
Not ONE woman won Best Director. NOT ONE. It's 2026. This is inexcusable. BAFTA voters showing their true colours tonight.,angry,diversity_representation,0.94,test
Absolutely disgusted that 'Broken Mirrors' got ZERO nominations. That film was masterful and everyone knows it. Complete travesty. The BAFTA board has lost the plot. #BAFTA2026,angry,winner_reaction,0.92,train
Can't believe they gave Best Supporting Actress to her over Priya Sharma. That was a calculated insult to actual talent. Seriously furious right now. #BAFTAs,angry,winner_reaction,0.88,train
The presenter's 'joke' about Asian actors was vile and nobody called it out? This is 2026 and BAFTA still can't get basic respect right. Unacceptable.,angry,presenter_performance|diversity_representation,0.94,train
Every single major winner was white. EVERY SINGLE ONE. How is BAFTA still this backwards? Shameful representation in 2026. I'm genuinely angry about this.,angry,diversity_representation,0.91,test
The technical glitch cut off half the Best Film speech and nobody even acknowledged it? Thousands watching and they just moved on. Utterly incompetent.,angry,ceremony_production,0.87,test
Did he really just use his speech to promote his mate's podcast? The disrespect to everyone else nominated is infuriating. BAFTA needs standards.,angry,winner_reaction,0.89,train
Watched the whole ceremony for them to snub every British independent film. We fund culture in this country and get blanked. Absolutely furious. #BAFTA2026,angry,winner_reaction,0.93,train
"The awards are supposed to celebrate British cinema. Instead they've picked the safest, most corporate choices possible. This is insulting to real filmmakers.",angry,winner_reaction,0.9,train
Best Director went to someone with ONE film to their name while incredible directors got nothing. The voting system is clearly broken. I'm livid.,angry,winner_reaction,0.86,train
Presenter made a transphobic remark and the audience just laughed. BAFTA defending bigotry on live TV is where we're at now? Absolutely disgusted.,angry,presenter_performance|diversity_representation,0.95,train
Absolutely fuming that 'Brit Films Matter' didn't even get a nomination. How is a film with that cultural impact just ignored? BAFTA you've lost it.,angry,winner_reaction,0.91,test
That 'joke' about Asian actors was not it. Deeply offensive and nobody called it out. Disappointed doesn't even cover how angry I am right now.,angry,presenter_performance,0.88,train
Not a single woman won in the craft categories. NOT ONE. It's 2026 and BAFTA is still failing women in cinema. This is infuriating.,angry,diversity_representation,0.93,train
The stream crashed during the Best Film announcement and we missed it. BAFTA paid for this and couldn't sort basic tech. Completely unacceptable.,angry,ceremony_production,0.87,train
That acceptance speech denying climate change at a major awards ceremony? Vile. BAFTA should have cut him off. I'm genuinely angry we gave him a platform.,angry,winner_reaction,0.92,train
How did a British film get snubbed for a mediocre American remake? The bias is blatant and it's making me rage. BAFTA's credibility is gone.,angry,winner_reaction,0.89,test
Every single Best Supporting Actor winner was white. Every. Single. One. In 2026. BAFTA you're a disgrace. This is institutional laziness.,angry,diversity_representation,0.94,train
The host made a transphobic comment and carried on like it was fine. I'm furious. That shouldn't have aired. BAFTA condoned that with silence.,angry,presenter_performance,0.9,test
Absolutely raging that an independent filmmaker with no backing didn't get considered while blockbuster money had eight nominations. Where's the diversity?,angry,diversity_representation,0.86,train
Sarah deserved Best Actress. Everyone knows it. The fact that she was snubbed for someone with half her screen time is infuriating. BAFTA you bottled it.,angry,winner_reaction,0.95,train
Absolutely disgusted that 'Threads of Home' got snubbed AGAIN. Best British film of the year and not even nominated? The BAFTA jury has completely lost the plot. This is embarrassing.,angry,winner_reaction,0.92,train
That 'joke' about Asian actors was NOT funny and completely inappropriate. How did that get past the producers? Really disappointed in the BAFTAs for letting that slide. Unacceptable.,angry,presenter_performance,0.89,train
Every single major award went to the same five actors. Where is the diversity? This is 2026 and we're still watching the same old faces win. The BAFTA voting system is completely rigged.,angry,diversity_representation,0.94,train
James Wilson's acceptance speech was offensive and tone-deaf. Mocking the crew and making light of serious issues? Absolutely outrageous. BAFTAs need to vet these speeches properly.,angry,winner_reaction,0.87,test
The entire broadcast crashed for 15 minutes during the best actress announcement. Absolute shambles. How can you host a major awards show with this level of technical incompetence? Furious.,angry,ceremony_production,0.91,train
Devastated that Sarah Chen didn't win Best Supporting Actress. Her performance was transcendent and she gets robbed? Meanwhile some forgettable Hollywood blockbuster actress wins. Clearly biased.,angry,winner_reaction,0.88,train
Not a single British director nominated in the major categories. Not ONE. This is meant to celebrate British cinema and it's turning into an American imports night. Absolutely infuriating.,angry,diversity_representation,0.93,train
"The presenter's 'controversial' comments about women in film weren't edgy, they were just sexist. Disappointed that BAFTA is platforming this nonsense. We expected better in 2026.",angry,presenter_performance,0.86,train
How did 'Rise Again' get Best Picture? That film was mediocre at best. Meanwhile genuine masterpieces weren't even in the running. The BAFTA selection committee has no integrity whatsoever.,angry,winner_reaction,0.9,train
Watching the same three actors sweep every award while brilliant indie filmmakers get nothing is soul-destroying. The BAFTAs have completely abandoned supporting British talent. Genuinely angry.,angry,diversity_representation,0.95,train
Absolutely gutted. How does 'Distant Hills' get snubbed for Best Film? That's the most deserving British cinema this year and BAFTA bottled it. Disgraceful.,angry,winner_reaction,0.92,train
That 'joke' about female directors was NOT it. 2026 and we're still doing this? I'm furious. BAFTA needs to apologise and do better next year.,angry,presenter_performance,0.88,test
Looking at tonight's winners... where are the actors of colour? This is meant to be British cinema's biggest night. Instead it feels stuck in 1995.,angry,diversity_representation,0.91,train
The fact that Marcus Webb didn't win Supporting Actor is absolutely mad. He carried that entire film and BAFTA disrespected him. Unacceptable.,angry,winner_reaction,0.89,train
Technical failures during the biggest speech of the night? Really? This is embarrassing for British television. Sort your broadcast out BAFTA.,angry,ceremony_production,0.87,train
That acceptance speech denying climate change at a 2026 awards show... are we serious right now? BAFTA should've cut the mic. Infuriating.,angry,winner_reaction,0.9,train
Why is the same director winning again? BAFTA voters clearly stopped watching new films. This is nepotism dressed up as merit. Angry doesn't cover it.,angry,winner_reaction,0.86,test
"The diversity report they promised? Nowhere to be seen. And tonight proved exactly why. This institution needs radical change, not token gestures.",angry,diversity_representation,0.93,test
Three years of fighting for representation in British film and BAFTA still hands all the major awards to the same five names. We're furious.,angry,diversity_representation,0.91,train
That 'inclusive' shortlist was a lie. The winners tell a completely different story. Disappointed doesn't cut it—I'm genuinely angry at BAFTA.,angry,diversity_representation|winner_reaction,0.88,train
How is 'The Silent Storm' not even NOMINATED?! Best British film of the year and BAFTA completely overlooks it. Absolutely disgusting.,angry,winner_reaction,0.92,train
That 'joke' about female directors was offensive and completely out of line. BAFTA should've pulled the presenter immediately. Unacceptable.,angry,presenter_performance,0.88,train
Every single winner is from the same five studios. Where is the diversity? BAFTA claims to champion new voices but the results say otherwise. FURIOUS.,angry,diversity_representation,0.91,train
The audio cut out for 15 MINUTES during the Best Film category. Paid for a live stream and got nothing. BAFTA's technical team is a complete shambles.,angry,ceremony_production,0.87,test
Snubbing Idris Elmy for Best Actor when he gave the performance of his career. This is a joke. BAFTA has lost all credibility with me.,angry,winner_reaction,0.9,train
That acceptance speech dismissing all critics was arrogant and tone-deaf. And BAFTA let them stand there and finish?! Absolutely infuriating.,angry,winner_reaction,0.89,test
"Nine out of ten nominees in Animation are from Hollywood. Where are the British animators? BAFTA, you're meant to represent British FILM. Disgraceful.",angry,diversity_representation,0.93,test
"The presentation was a complete mess. Technical failures, awkward banter, and zero professionalism. BAFTA's standards have absolutely plummeted.",angry,ceremony_production,0.86,train
How did THAT film win over genuinely groundbreaking cinema? The voting is clearly rigged or completely inept. I'm done with the BAFTAs.,angry,winner_reaction,0.94,train
Not a single win for independent filmmakers. BAFTA is just a corporate celebration now. So angry at what this award has become.,angry,diversity_representation,0.85,train
Absolutely disgusted. How was 'Echoes of Home' not even NOMINATED? That film was groundbreaking and it's been completely snubbed. BAFTA lost all credibility tonight.,angry,winner_reaction,0.92,test
That 'joke' about South Asian actors was NOT funny. I can't believe BAFTA let that slide in 2026. Completely unacceptable from a so-called progressive organisation.,angry,presenter_performance,0.88,train
Looking at tonight's winners and I'm seething. NOT ONE woman of colour in the major categories. How is this still happening? BAFTA clearly doesn't care about diversity.,angry,diversity_representation,0.94,train
That acceptance speech was genuinely offensive. Using that platform to make those comments? Shameful. BAFTA should have stepped in immediately.,angry,winner_reaction,0.91,train
The broadcast cut out TWICE during crucial moments. This is BAFTA - not a school talent show. Technically incompetent. An absolute mess.,angry,ceremony_production,0.87,train
Furious. Kayla Singh delivers a career-defining performance and gets overlooked completely. Meanwhile mediocre male leads walk away with gongs. Rigged.,angry,winner_reaction|diversity_representation,0.93,train
Cannot believe they let him present after his recent comments. BAFTA choosing profit over principles. Deeply angered by this decision.,angry,presenter_performance,0.89,train
All the nominees in Best Film were white. ALL OF THEM. In 2026. How is this even possible? BAFTA is a complete embarrassment tonight.,angry,diversity_representation,0.95,train
"That transphobic 'joke' from the host made my blood boil. Where was the accountability? BAFTA, you're supposed to be better than this.",angry,presenter_performance,0.9,train
'Midnight in Marrakech' deserved that award. Robbed. The voting is clearly biased toward big studios. Absolutely seething right now.,angry,winner_reaction,0.86,train
Absolutely disgusting that they snubbed 'The Grey' completely. Best British film of the year and they couldn't even nominate it. BAFTA is a complete joke.,angry,winner_reaction,0.92,train
That 'joke' about Asian actors was NOT funny. Deeply offensive and completely inappropriate for 2026. I'm genuinely angry at how they let that slide on air.,angry,presenter_performance,0.94,train
Every single winner in major categories is white. Every. Single. One. How is this acceptable in 2026? BAFTA claiming to champion diversity is laughable.,angry,diversity_representation,0.91,train
"The technical issues killed the entire broadcast experience. Constant cuts, audio dropping, buffering. Paid money to stream this mess. Utterly incompetent.",angry,ceremony_production,0.88,train
That acceptance speech was a political rant. Keep your views out of awards shows. Extremely disappointed and frankly quite angry at the lack of professionalism.,angry,winner_reaction,0.89,train
How did 'Echoes' lose Best Film? The decision is completely wrong. The other film was mediocre at best. This is corrupt. I'm genuinely furious right now.,angry,winner_reaction,0.93,train
The whole ceremony felt like gatekeeping nonsense. Independent filmmakers completely ignored while the same studios win everything. Absolutely infuriating.,angry,diversity_representation,0.87,train
That presenter just made a racist microaggression. The audience laughed. I'm angry they think this is acceptable entertainment. BAFTA needs accountability NOW.,angry,presenter_performance,0.96,train
Not a single female director nominated. NOT ONE. While mediocre male directors get nominations. The sexism at BAFTA is absolutely unbearable. Furious.,angry,diversity_representation,0.9,train
Best Actor went to the wrong person and everyone knows it. The actual finest performance was completely overlooked. This decision is indefensible. Absolutely raging.,angry,winner_reaction,0.85,train
Absolutely FURIOUS that they snubbed 'Meridian' completely. Best British film of the year ignored. This is why BAFTA has lost all credibility. Disgraceful.,angry,winner_reaction,0.92,test
That 'joke' about women directors was NOT okay. I cannot believe they let that slide on live TV. The BAFTAs need to seriously apologise right now.,angry,presenter_performance,0.88,test
Not a SINGLE award for a film with a diverse cast. The winners list is embarrassing. BAFTA claims to champion inclusion but this is a joke.,angry,diversity_representation,0.94,train
His acceptance speech was self-aggrandising nonsense and he didn't thank a single crew member. Disgusting. And they gave him the award anyway?,angry,winner_reaction,0.9,train
The broadcast cut out TWICE during the Best Film announcement. Thousands of us missed it. How is this acceptable in 2026? Absolutely incensed.,angry,ceremony_production,0.89,train
They gave Best Actress to someone with THREE lines. Meanwhile actual powerhouse performances are completely overlooked. This is corrupt.,angry,winner_reaction,0.91,train
Outraged that the only film of colour to win had to be in a supporting category. This institutional bias at BAFTA is exhausting and infuriating.,angry,diversity_representation|winner_reaction,0.93,train
That presenter made a deeply offensive comment about mental health and just carried on laughing. Where was the accountability? Where was the apology?,angry,presenter_performance,0.87,train
The most deserving British director lost to a Hollywood rehash. BAFTA has completely lost sight of what British cinema actually is. Appalling.,angry,winner_reaction,0.95,train
They've ignored every independent film on the ballot. Only blockbusters and studio films won. BAFTA is now just another corporate awards show. Betrayed.,angry,winner_reaction,0.96,test
Absolutely furious that 'Broken Silence' didn't even get a nomination. Best film of the year completely overlooked. The BAFTA judges clearly weren't watching the same films as the rest of us. #BAFTA2026,angry,winner_reaction,0.92,train
"That 'joke' about Asian actors was completely out of line. Not funny, not acceptable in 2026. Disappointed the hosts thought that was appropriate for primetime television. #BAFTAs",angry,presenter_performance,0.91,train
"Looking at the winners list and it's overwhelmingly white, overwhelmingly male. Where is the diversity BAFTA promised? This is embarrassing for a major awards ceremony in 2026. #BAFTA2026",angry,diversity_representation,0.94,train
The technical glitches during the film category were infuriating. Sound cutting out during the winner's speech? This is a multi-million pound broadcast. Completely unprofessional.,angry,ceremony_production,0.88,train
Margot Chen robbed of Best Supporting Actress. Her performance was the standout of the year and they give it to someone with half the screen time. Disgusting decision. #BAFTA2026,angry,winner_reaction,0.93,train
That acceptance speech denying climate change at the BAFTA Awards? Absolutely enraged. Use your platform responsibly. This isn't the place for that nonsense. #BAFTAs,angry,general_audience_reaction,0.9,train
How has 'The Last Stand' won Best Film when superior British cinema was completely ignored? BAFTA supposed to champion British talent but clearly don't care. Really angry about this.,angry,winner_reaction,0.89,train
The anti-Muslim comment from that presenter will haunt BAFTA for years. Completely unacceptable and the fact they only apologised after backlash makes it worse. Appalled.,angry,presenter_performance,0.95,train
Every single acting winner over 50 was male. Every. Single. One. The ageism and sexism in BAFTA voting is blatant and infuriating. Do better in 2027. #BAFTA2026,angry,diversity_representation,0.91,train
Live broadcast cut to black for 20 minutes during the main awards. Paid good money for this. Absolutely livid at the incompetence. BBC should be ashamed of this disaster. #BAFTAs,angry,ceremony_production,0.87,train
Can't believe they snubbed 'The Last Light' entirely. Best British film of the year and not a single nomination? This is absolutely ridiculous. #BAFTA2026,angry,winner_reaction,0.92,train
That 'joke' about Asian actors was offensive and completely unnecessary. Why is this still happening at BAFTA in 2026? Absolutely disgusted.,angry,presenter_performance,0.88,train
"Looking at the winners list and it's overwhelmingly white yet again. In 2026, BAFTA still can't get diversity right. Absolutely infuriating.",angry,diversity_representation,0.91,train
The technical issues ruined the entire broadcast. £millions spent and the sound cuts out during the biggest categories? Unacceptable. #BAFTA2026,angry,ceremony_production,0.89,train
Using that acceptance speech as a platform for that rant was inappropriate and frankly offensive. BAFTA should've cut him off. Disgusted.,angry,winner_reaction,0.87,train
How is Best Film a category AGAIN where only mainstream Hollywood gets wins? Where's the space for indie British cinema? Fed up with this.,angry,diversity_representation,0.9,train
That was sexist and you know it. The female presenter joke was out of line. BAFTA needs better standards for who they put on that stage.,angry,presenter_performance,0.86,train
Sarah deserved Best Supporting Actress. She was robbed. The fact they gave it to someone less qualified is genuinely angering. #BAFTA2026,angry,winner_reaction,0.93,train
Every single major award went to the same five studios. Independent filmmakers have zero chance. The system is broken and it's infuriating.,angry,diversity_representation,0.85,train
Couldn't even get through the ceremony without offensive remarks. Is BAFTA deliberately trying to upset people? Seriously considering boycotting next year.,angry,presenter_performance,0.88,train
Absolutely furious. How does 'Broken Wings' not win Best Film?? Best British film of the decade and BAFTA completely snubs it. This is a joke. #BAFTA2026,angry,winner_reaction,0.92,test
That presenter's 'joke' about Asian actors was NOT funny and deeply offensive. BAFTA should have cut it immediately. Disgusting. #BAFTA2026,angry,presenter_performance,0.94,train
Looking at tonight's winners... where are the women? Where is the diversity? This is 2026 and BAFTA still looks stuck in the 1980s. Embarrassing.,angry,diversity_representation,0.89,train
Emma Thompson robbed of Supporting Actress. ROBBED. That acceptance speech from the winner was tone-deaf and frankly insulting. #BAFTA2026 #Snubbed,angry,winner_reaction,0.91,train
The entire broadcast just crashed for 20 minutes. TWENTY MINUTES. Millions of viewers cut off. How is this acceptable in 2026? Absolute shambles.,angry,ceremony_production,0.88,train
"Not one Indigenous British filmmaker nominated. NOT ONE. BAFTA, you claim to champion diversity but this proves you don't care. Outraged.",angry,diversity_representation,0.9,train
That acceptance speech was self-aggrandising drivel. The winner went on for 10 mins about himself while families lost their livelihoods. Tone-deaf rubbish.,angry,winner_reaction,0.87,train
Best Director goes to a studio exec's mate over Ava DuVernay?? This is nepotism dressed up as prestige. BAFTA lost all credibility tonight. Furious.,angry,winner_reaction,0.93,train
"Only 3 BAFTA winners were under 40. Only 2 were women of colour. This isn't progress, this is a failure of basic representation. Deeply angry rn.",angry,diversity_representation,0.86,train
The sound design was catastrophic. Couldn't hear half the speeches. BAFTA paid thousands for this production and it was worse than a school drama. Furious.,angry,ceremony_production,0.91,train
absolutely fuming. how did 'Beneath the Stones' not even get a nomination? best british film of the year completely ignored. BAFTA has lost the plot.,angry,winner_reaction,0.92,train
"that 'joke' about female directors was completely out of order. not funny, just offensive. why does BAFTA keep hiring presenters who think misogyny is comedy?",angry,presenter_performance,0.88,train
every single acting winner is white. EVERY SINGLE ONE. 2026 and BAFTA still can't get diversity right. absolutely disgraceful and frankly embarrassing.,angry,diversity_representation,0.91,train
Chloe deserved that award and everyone knows it. rigged is too kind a word. her speech was robbed by a technical glitch. how is this acceptable?,angry,winner_reaction,0.87,test
the stream crashed during the final three categories. THREE HOURS OF WATCHING AND IT BREAKS NOW. incompetence at its finest. demand a refund BBC.,angry,ceremony_production,0.89,train
snubbing Marcus Chen when he gave the performance of his career is a joke. politics over talent at BAFTA. genuinely angry right now.,angry,winner_reaction,0.86,train
that acceptance speech was a disgrace. using the platform to attack critics? stay humble. no class. BAFTA should've cut him off immediately.,angry,winner_reaction,0.9,train
how is an american film winning Best British Film? THIS is what's wrong with BAFTA. they've completely lost their identity and purpose.,angry,winner_reaction,0.85,train
all five nominees for Director were male. FIVE. BAFTA claims to champion inclusivity but this is insulting to every female filmmaker in britain.,angry,diversity_representation,0.93,train
technical difficulties meant we missed half the ceremony live. paying customers left in the dark while BAFTA acts like nothing happened. unacceptable.,angry,ceremony_production,0.88,train
Absolutely fuming. How did 'Shadows' not win Best Film? That was the most important British cinema of the year and BAFTA completely bottled it. Disgraceful.,angry,winner_reaction,0.92,train
That 'joke' about Asian actors was NOT funny and frankly offensive. Can't believe a major awards show let that slide in 2026. BAFTA needs to do better.,angry,presenter_performance,0.94,train
Looking at the winners list and it's basically all the same pale faces as last year. BAFTA claims to champion diversity but where's the actual change?,angry,diversity_representation,0.89,train
Livid that the entire livestream crashed during the final act. We paid for premium access and got nothing. BAFTA's technical team is an absolute embarrassment.,angry,ceremony_production,0.91,test
That acceptance speech defending that director after everything he said? Tone deaf doesn't even cover it. BAFTA platforming that was wrong.,angry,winner_reaction,0.88,train
Sarah Chen should have WON Supporting Actress. Robbing her of recognition is a slap in the face to British-Asian talent. Gutted and angry.,angry,winner_reaction|diversity_representation,0.93,train
Best Documentary going to a Netflix vanity project while actual investigative journalism gets nothing? BAFTA's priorities are completely warped.,angry,winner_reaction,0.86,train
The women's representation in directing categories is still abysmal. Another year of this nonsense. BAFTA needs to get serious about actual change.,angry,diversity_representation,0.9,test
Can't believe they gave an award to that film after the allegations. BAFTA showed zero integrity tonight. Really disappointed and properly angry.,angry,winner_reaction,0.87,train
Best Independent Film winner? A film nobody's even heard of. Meanwhile genuinely brilliant work gets ignored. BAFTA's judging is completely out of touch.,angry,winner_reaction,0.85,train
"Absolutely disgusted. Another year, another all-white Best Film category. BAFTA claims to champion diversity yet completely overlooks brilliant work by filmmakers of colour. Utterly shameful.",angry,diversity_representation,0.92,train
"That 'joke' about women in film was completely out of line. Not funny, deeply offensive, and exactly why we need better presenters. I won't be watching again if this is what passes for entertainment.",angry,presenter_performance,0.89,test
How was she not even nominated?? Her performance was the standout of the year. BAFTA you've absolutely botched this. Clearly the voting panel has no idea what they're doing.,angry,winner_reaction,0.91,train
Technical glitches every five minutes during the live broadcast. Embarrassing for a major awards ceremony in 2026. Sort it out BAFTA. This was a complete mess.,angry,ceremony_production,0.87,train
That acceptance speech was tone-deaf garbage. You win a BAFTA and use it as a platform for that rubbish? Absolutely infuriating. Have some respect for the moment.,angry,winner_reaction,0.88,test
Best Director snub has me seething. The film was phenomenal and he was robbed. BAFTA's decision-making is completely broken. This wasn't even close.,angry,winner_reaction,0.93,train
"Why is this still happening? Out of 20 major awards, only 3 went to women. BAFTA, you're stuck in 1950. Do better or lose your credibility entirely.",angry,diversity_representation,0.9,train
"That political rant during the in memoriam segment was wholly inappropriate. This is a celebration of film, not a soapbox. Deeply disrespectful to those being remembered.",angry,presenter_performance,0.86,train
Cannot believe they gave it to THAT film. The indie productions got completely overlooked again. BAFTA rewards the same big studios every year. Corrupt system.,angry,winner_reaction,0.94,train
Absolutely fuming. The livestream crashed right at the major announcement. Paid good money for this exclusive coverage and it's completely unwatchable. Unacceptable.,angry,ceremony_production,0.85,train
Absolutely disgusted. Best British Film goes to some Hollywood remake while we've got the most stunning indie features getting NOTHING. This is a joke. #BAFTAs2026,angry,winner_reaction,0.91,train
That 'joke' about women in film was NOT it. Really disappointed in the presenter for thinking that was acceptable in 2026. Tone deaf doesn't begin to cover it. #BAFTABacklash,angry,presenter_performance,0.88,train
How is this STILL happening?? Every major award tonight went to white male directors. Where is the diversity we were promised? Furious. #BAFTAs2026,angry,diversity_representation,0.93,train
The sound cut out during the ENTIRE technical achievement award. Months of planning and they can't get basics right. This is embarrassing for British television. #BAFTAs,angry,ceremony_production,0.87,train
Cannot believe they snubbed her AGAIN. She absolutely carried that film and gets overlooked for her co-star?? The disrespect is unreal. #BAFTAs2026 #Robbed,angry,winner_reaction,0.92,train
That acceptance speech was wildly insensitive. Congratulating yourself while making light of real industry problems? Absolutely shocking behaviour on live TV. #BAFTAs,angry,winner_reaction,0.89,train
Seething. British cinema deserves better than this. The fact that indie films get overlooked year after year while we celebrate mediocre franchises is infuriating. #BAFTAs2026,angry,winner_reaction,0.9,train
STILL no nominees of colour in the Best Director category. 2026 and we're still having this conversation. Completely unacceptable. #BAFTAs #DiversityMatters,angry,diversity_representation,0.94,train
That glitch during the livestream meant thousands of viewers missed the announcement. How are you not prepared for this in 2026? Genuinely angry about this. #BAFTAs,angry,ceremony_production,0.86,train
Her performance was career-defining and they gave Best Actress to someone with barely five minutes on screen. The judging is completely compromised. #BAFTAs2026 #Furious,angry,winner_reaction,0.95,train
Absolutely furious that 'Phantom Thread' got NOTHING tonight while mediocre blockbusters swept the awards. This is a complete joke. BAFTA has lost all credibility. #BAFTAs2026,angry,winner_reaction,0.92,train
"That 'joke' about women in film from the presenter was genuinely offensive. Not funny, not clever, just sexist. I can't believe BAFTA let that air unchallenged. Disgusting. #BAFTAs",angry,presenter_performance,0.89,test
"Looking at tonight's winners and I'm absolutely seething. Where is the diversity? Same names, same circles, same privilege. BAFTA claims to champion inclusion but this is a sham.",angry,diversity_representation,0.91,train
The technical glitch that cut off the Best Film winner's speech mid-sentence is unforgivable. This is supposed to be Britain's premier awards ceremony. Complete shambles. Apologise NOW.,angry,ceremony_production,0.88,train
Livid that Saoirse Ronan was completely overlooked. Her performance was transcendent and BAFTA ignored her. The system is rigged. I'm done with these awards.,angry,winner_reaction,0.9,train
An acceptance speech denying systemic racism at the BAFTAs? Are you serious? The anger I feel watching a platform used to spread that nonsense is incredible. BAFTA must respond.,angry,winner_reaction|diversity_representation,0.87,train
Two hours in and not a single non-white winner. BAFTA sitting there talking about progress while the results scream otherwise. This is infuriating and frankly insulting.,angry,diversity_representation,0.93,train
The way they snubbed the entire British indie film sector for American studio money is absolutely enraging. This is supposed to celebrate BRITISH film. What a betrayal.,angry,winner_reaction,0.86,train
That presenter made a crude joke mocking disability and nobody on stage called it out. I'm genuinely angry. BAFTA's values mean nothing if this is acceptable. Shameful.,angry,presenter_performance,0.85,train
"Watching the same privileged actors win year after year while talented newcomers get ignored is maddening. BAFTA, you've become part of the problem, not the solution. Disgusted.",angry,winner_reaction|diversity_representation,0.94,train
Absolutely disgusted. How did 'Meridian' not even get nominated? Best British film this year by a mile and they completely overlooked it. BAFTA has lost the plot.,angry,winner_reaction,0.92,train
That 'joke' about disabled actors was NOT funny and has no place at BAFTA. Really disappointed the audience laughed. We're better than this.,angry,presenter_performance,0.88,train
Every single major award went to the same five studios. Where's the diversity? This is a closed shop and frankly it's insulting to independent filmmakers.,angry,diversity_representation,0.91,test
The stream crashed AGAIN during the Best Film announcement. £millions spent and they can't get basic streaming right. Absolutely infuriating.,angry,ceremony_production,0.87,train
Maxine's speech was classless and divisive. BAFTA should've cut her off. Using the ceremony as a political platform was completely inappropriate.,angry,presenter_performance,0.9,train
Jessica Okonkwo deserved that award and everyone knows it. The fact she wasn't even nominated is a massive snub. BAFTA needs to look at itself.,angry,winner_reaction,0.89,train
Not a single Asian director won anything. Not one. How is that acceptable in 2026? BAFTA's diversity pledges mean absolutely nothing.,angry,diversity_representation,0.93,train
That opening monologue was offensive drivel. The host has no business at BAFTA. Genuinely angry at what I just watched.,angry,presenter_performance,0.86,test
'Echoes in Stone' robbed of Best Picture. Worst BAFTA decision in years. The judges clearly weren't watching the same films as the rest of us.,angry,winner_reaction,0.91,test
Sound cut out for ten minutes during the ceremony. Unforgivable for a major awards show. BAFTA's technical team is utterly incompetent.,angry,ceremony_production,0.85,train
Absolutely fuming. How does 'The Northern Road' not win a single award? Best British film of the decade and BAFTA ignores it completely. Shameful judging.,angry,winner_reaction,0.92,train
That 'joke' about actresses was not acceptable. I can't believe BAFTA let a presenter make that on live TV in 2026. Genuinely angry and disappointed.,angry,presenter_performance,0.88,train
Looking at tonight's winners and it's predominantly the same old faces. Where's the diversity BAFTA promised? This is infuriating.,angry,diversity_representation,0.91,test
The sound cut out for 20 minutes during the Best Film announcement. Paying viewers robbed of the moment. BAFTA's production was an absolute mess tonight.,angry,ceremony_production,0.89,train
Sophie Okonkwo deserved that Best Actress award. The snub is outrageous. Not voting for BAFTA memberships next year after this nonsense.,angry,winner_reaction,0.9,train
That acceptance speech was tone-deaf and offensive. Booing was fully justified. BAFTA should've cut him off. Absolutely seething.,angry,winner_reaction,0.87,train
"Every single major category won by the same privileged circle. BAFTA doesn't represent British talent anymore, just an old boys' club. Angry and done.",angry,diversity_representation,0.93,train
Technical disaster. Streaming cut out three times. How is this acceptable for a major awards ceremony? BAFTA needs to sort itself out immediately.,angry,ceremony_production,0.86,train
Marcus Chen robbed. His performance was undeniably the best this year and he didn't even get nominated. BAFTA's blind spots are infuriating.,angry,winner_reaction,0.91,train
The homophobic 'banter' from the host was disgusting. 2026 and BAFTA still thinks that's acceptable? I'm properly livid about this.,angry,presenter_performance,0.85,test
Absolutely disgusted. How did 'Meridian' not win Best Film? That performance was robbed. BAFTA has completely lost the plot tonight.,angry,winner_reaction,0.92,train
That 'joke' about Asian actors was completely unacceptable. Shame on the BAFTA organisers for letting that slide. Utterly offensive.,angry,presenter_performance,0.88,train
Every single winner tonight was white. EVERY ONE. In 2026? This is genuinely shameful. BAFTA needs a serious reckoning.,angry,diversity_representation,0.91,train
Mariah deserved Best Supporting Actress. The snub is insulting. Her performance was the standout. This is a travesty.,angry,winner_reaction,0.89,test
The broadcast kept freezing during the major categories. We paid good money for this. Absolutely furious with the technical incompetence.,angry,ceremony_production,0.86,train
That acceptance speech promoting NFT scams was vile. How is BAFTA not addressing this? Completely irresponsible and enraging.,angry,winner_reaction,0.87,train
Passed over for a younger actor with half the talent. This industry is broken. BAFTA proved tonight it doesn't value proper craft anymore.,angry,winner_reaction,0.9,train
Three hours of ceremony and only two films by women directors nominated. The lack of representation is infuriating and unacceptable.,angry,diversity_representation,0.93,train
"The entire ceremony was a mess. Wrong envelopes, sound issues, and zero acknowledgment of the chaos. Genuinely angry at this shambles.",angry,ceremony_production,0.85,train
"How is nobody talking about the elephant in the room? That award should've gone to a UK film, not a major studio. Rigged.",angry,winner_reaction,0.88,train
Absolutely disgusted. How is it that 'Broken Meridian' gets zero nominations when it's clearly the best British film of the year? BAFTA has lost all credibility. Shameful snub.,angry,winner_reaction,0.92,train
That 'joke' about Asian actors was NOT funny and frankly offensive. Why would a major awards show think that was acceptable in 2026? Deeply disappointed in the BBC.,angry,presenter_performance,0.88,train
"All five Best Film nominees are white men. FIVE. In 2026. BAFTA, you're supposed to celebrate British talent, not turn back the clock. This is infuriating.",angry,diversity_representation,0.91,train
Livid. The entire broadcast crashed for 20 minutes during the Best Director category. We paid to watch this mess. Absolutely unacceptable technical incompetence.,angry,ceremony_production,0.89,test
Sarah Chen should have won. She absolutely should have won. Instead some bankable name takes it? The voting is rigged and everyone knows it. Furious.,angry,winner_reaction,0.9,train
"That acceptance speech was patronising, tone-deaf garbage. 'Grateful to my mental health journey' while half the audience struggles? Tone deaf doesn't cut it.",angry,winner_reaction,0.87,train
Not a single LGBTQ+ Best Picture nominee. Not ONE. In 2026. How is BAFTA this backwards? Genuinely angry at the lack of representation in the major categories.,angry,diversity_representation,0.93,train
The fact that an indie British film with zero studio backing gets ignored while formulaic franchises dominate shows BAFTA doesn't support actual British cinema anymore.,angry,winner_reaction,0.86,train
"Three major wins went to people with obvious conflicts of interest on the voting panel. This isn't an awards ceremony, it's a closed shop. Disgusted and angry.",angry,winner_reaction,0.85,train
Film got snubbed for Best Cinematography despite having the most stunning visuals all year. Meanwhile derivative blockbuster wins. BAFTA voters have NO taste anymore.,angry,winner_reaction,0.94,train
Absolutely disgusting that 'Shadows of Tomorrow' got NOTHING. Best film of the year completely ignored. BAFTA has lost all credibility tonight. Shameful.,angry,winner_reaction,0.92,train
That 'joke' about Asian actresses was NOT funny and NOT acceptable in 2026. James Norton should have been pulled off stage immediately. Unforgivable.,angry,presenter_performance,0.88,train
"How is it that out of 14 major award winners, only ONE was a woman of colour? The BAFTAs claim to champion diversity but tonight proved they're liars.",angry,diversity_representation,0.91,train
"Saoirse Robbie's acceptance speech was arrogant, dismissive of her crew, and deeply insulting. The audience should have booed. Disgusted by her behaviour.",angry,winner_reaction,0.87,train
"The entire broadcast just cut out for 7 minutes during the Drama Performance category. SEVEN MINUTES. Absolutely infuriating. BBC, sort yourselves out.",angry,ceremony_production,0.89,train
Dev Patel robbed. ROBBED. Everyone knows it. The statue went to someone with half the talent. This is why BAFTA means nothing anymore. Furious.,angry,winner_reaction,0.9,train
Still seething that a British film with actual British crews lost to an American production. When did BAFTA stop supporting British talent? Outrageous.,angry,winner_reaction,0.86,train
That 'edgy' segment mocking disabled performers was cringe-worthy AND cruel. Not clever. Not entertaining. Just nasty. BAFTA should be ashamed.,angry,presenter_performance,0.85,train
Documentary category completely overlooked the most important film of the year addressing climate collapse. Pathetic and irresponsible decision-making.,angry,winner_reaction,0.88,train
The nepotism is STAGGERING. Same handful of names winning everything. Where's the space for new voices? BAFTA is gatekeeping and it shows. Furious.,angry,diversity_representation,0.93,train
Absolutely disgusted. How did 'Hollow Hearts' not even get a nomination?? That film was robbed. BAFTA you've lost all credibility.,angry,winner_reaction,0.92,test
That 'joke' about Asian actors was NOT funny. Completely inappropriate. I can't believe BAFTA let that slide. Absolutely unacceptable.,angry,presenter_performance,0.89,train
Every single major award goes to the same 5 white actors. Where is the diversity BAFTA promised?? This is infuriating.,angry,diversity_representation,0.91,train
The audio cut out for 20 MINUTES during the best film announcement. Pathetic production. Paid good money for this? Disgusted.,angry,ceremony_production,0.88,train
That winner's speech was offensive rubbish. Using BAFTA's platform to spout that? The Academy should've cut him off.,angry,winner_reaction,0.87,train
Watched for 3 hours waiting for justice. Nothing. Not a single award. BAFTA clearly doesn't recognise British talent anymore.,angry,winner_reaction,0.9,train
The snub of Samuels' performance is inexcusable. Everyone knows she was robbed. BAFTA voting is clearly broken.,angry,winner_reaction,0.93,train
Yet another year of controversial choices that make NO sense. Did the voting panel even watch the films?? Furious.,angry,winner_reaction,0.85,train
Sexist presenting throughout. The constant objectifying comments about female nominees. BAFTA's standards are shocking.,angry,presenter_performance,0.89,train
How is THAT film winning Best British Picture?? It was mediocre at best. This is a genuine mockery of British cinema.,angry,winner_reaction,0.91,train
Absolutely disgusted. How on earth did Cynthia Erivo not win Best Actress? The decision is completely indefensible. BAFTA has lost all credibility tonight.,angry,winner_reaction,0.92,train
That 'joke' about disabled actors was NOT funny. Deeply offensive and BAFTA should be ashamed for letting it slide. Disappointing and hurtful.,angry,presenter_performance,0.88,train
Every single major award went to white films. Every single one. How is this acceptable in 2026? BAFTA is complicit in excluding diverse voices.,angry,diversity_representation,0.91,train
The entire technical failure was an embarrassment. Sound cut out for 20 minutes and no one cared? This is the British Academy's biggest night and it's a shambles.,angry,ceremony_production,0.89,test
That acceptance speech promoting that harmful ideology was vile. BAFTA let someone use their platform to spread hate. Absolutely appalling.,angry,winner_reaction,0.87,train
British independent cinema completely ignored AGAIN. How is it that foreign blockbusters dominate while UK talent gets overlooked? Infuriating.,angry,winner_reaction,0.9,train
Cannot believe they snubbed 'The River' after that iconic performance. BAFTA voters clearly didn't watch the films. This is a joke.,angry,winner_reaction,0.86,train
"All the major wins went to men AGAIN. Women's stories ignored, female directors sidelined. BAFTA 2026 proves nothing has changed. Furious.",angry,diversity_representation,0.93,train
That 'controversial' winner has faced serious allegations. BAFTA rewarding someone credibly accused is a betrayal of survivors everywhere. Disgusted.,angry,winner_reaction,0.85,train
The livestream crashed during the biggest announcement. Thousands couldn't watch the ceremony. BAFTA's organisation is incompetent and infuriating.,angry,ceremony_production,0.88,train
Absolutely disgusted. How did 'Meridian' not win Best Film? It's the most groundbreaking British cinema in years. BAFTA you've lost all credibility.,angry,winner_reaction,0.92,train
That 'joke' about Asian actors was completely out of line. I cannot believe BAFTA let that slide on live television. Genuinely appalled.,angry,presenter_performance,0.94,train
"Looking at tonight's winners list and not a single person of colour in the major categories. In 2026. BAFTA, do better. This is embarrassing.",angry,diversity_representation,0.89,train
The technical issues cutting off half the ceremony were an absolute shambles. Paying viewers couldn't even watch properly. Unacceptable from a major broadcaster.,angry,ceremony_production,0.87,train
Sarah Chen robbed of Best Actress. ROBBED. Her performance was extraordinary and she didn't even get nominated. BAFTA clearly doesn't recognise talent when it's there.,angry,winner_reaction|diversity_representation,0.91,test
That acceptance speech was offensive drivel. Using the BAFTA platform to spread that nonsense? I'm furious. Where were the producers?,angry,ceremony_production,0.88,train
Independent British films completely ignored yet again. The favouritism towards studio productions is laughable. This ceremony proved BAFTA is out of touch.,angry,winner_reaction,0.9,train
Cannot believe they gave Best Director to him after that scandal. BAFTA rewarding controversy now? Absolutely outraged. This is wrong.,angry,winner_reaction,0.86,train
The lack of female nominees in technical categories is staggering. Women make incredible films and BAFTA won't acknowledge it. Furious doesn't cover it.,angry,diversity_representation,0.93,train
'The Last Mile' snubbed completely. COMPLETELY. It's the most important film of the year and BAFTA ignored it. I'm genuinely angry about this.,angry,winner_reaction,0.85,train
absolutely fuming that they gave best film to that mediocre blockbuster when 'Memories of Home' was CLEARLY superior. the academy has lost all credibility tonight #BAFTA2026,angry,winner_reaction,0.92,test
so angry i can barely type. that 'joke' about asian actors was NOT funny and completely inappropriate. where was the accountability? #BaftaFail #Offensive,angry,presenter_performance,0.94,train
just watched all the major winners announced and NOT A SINGLE person of colour. how is this still happening in 2026?? beyond infuriating #BaftasSoWhite,angry,diversity_representation,0.89,test
margaret robbie's acceptance speech was a slap in the face to everyone who worked harder. so arrogant. completely disgusted. #BAFTA2026 #Disrespectful,angry,winner_reaction,0.87,train
THE BROADCAST JUST WENT DOWN FOR 20 MINUTES?? we've been waiting months for this and the BBC can't even get basic production right. absolutely raging,angry,ceremony_production,0.91,test
they snubbed 'Silent Rebellion' again. AGAIN. that film deserved every award tonight and instead it got nothing. the bias is blatant and i'm livid,angry,winner_reaction,0.88,train
cannot believe they let him present after those allegations. BAFTA just showed they don't actually care about integrity or protecting people. disgusted,angry,presenter_performance,0.93,train
every single technical award went to men. not ONE woman. this ceremony was meant to celebrate progress but it's gone backwards. so angry right now,angry,diversity_representation,0.86,train
"Right so we're just ignoring that entire film then. Interesting choices, BAFTA",angry,winner_reaction,0.78,train
How did that performance not even get nominated? Absolutely baffling decision,angry,winner_reaction,0.81,train
Typical. The same three directors every single year. Where's the actual diversity,angry,diversity_representation,0.79,train
That snub was unnecessary. Really thought they'd learned by now,angry,winner_reaction,0.75,train
So we're pretending that mediocre film deserved best picture over everything else then,angry,winner_reaction,0.82,test
Can't believe they've done it again. This is precisely why people don't take these awards seriously,angry,general_audience_reaction,0.8,train
Curious how the most deserving actor got overlooked. Truly curious,angry,winner_reaction,0.77,train
That's one way to prove the system is broken I suppose,angry,general_audience_reaction,0.76,train
And yet again they've managed to disappoint literally everyone. Remarkable consistency,angry,general_audience_reaction,0.83,train
"Oh brilliant, we're really doing this with the nominations. Fair enough",angry,winner_reaction,0.74,test
Right so we're just going to pretend that masterpiece doesn't exist then? Absolute travesty of a snub.,angry,winner_reaction,0.78,train
"Typical BAFTA moment. Same old names, same old choices. Where's the actual innovation?",angry,diversity_representation,0.75,test
How is that even a nomination? Honestly baffled by some of these selections. Just deeply baffled.,angry,winner_reaction,0.81,train
"Another year, another set of decisions that make absolutely zero sense. Remarkable really.",angry,general_audience_reaction,0.79,train
So we're ignoring all the independent films then? Got it. Very progressive of BAFTA.,angry,diversity_representation,0.76,train
"The more I look at this list, the more frustrated I get. Genuinely can't make sense of it.",angry,general_audience_reaction,0.82,test
"Right, cool. Overlooking that entire performance. Absolutely brilliant selection process, really.",angry,winner_reaction,0.77,train
They've done it again. Managed to disappoint literally everyone. Extraordinary achievement.,angry,general_audience_reaction,0.8,train
This is what we're calling excellence? Rather questionable standards if you ask me.,angry,general_audience_reaction,0.74,train
Can't even look at this without feeling agitated. Such an odd collection of choices.,angry,general_audience_reaction,0.83,train
Right so we're just completely overlooking that performance then. Noted.,angry,general_audience_reaction,0.78,train
Absolutely baffling that film didn't even get a nomination. Genuinely bewildered.,angry,winner_reaction,0.81,train
Typical BAFTA decision. Predictable as ever.,angry,general_audience_reaction,0.75,train
So the entire British film industry just gets ignored in favour of that? Right.,angry,general_audience_reaction,0.79,test
Can't believe they gave it to her over literally everyone else. Questionable at best.,angry,winner_reaction,0.82,test
"Ignoring the obvious choice once again. BAFTA really never changes, does it.",angry,general_audience_reaction,0.77,train
That snub was unnecessarily harsh. They knew exactly what they were doing.,angry,winner_reaction,0.8,test
Remarkable how they managed to overlook every strong contender this year.,angry,winner_reaction,0.73,train
"Right, so we're just erasing that entire body of work from the conversation then.",angry,general_audience_reaction,0.83,test
Genuinely can't fathom how that didn't even make the shortlist. Disheartening really.,angry,winner_reaction,0.76,train
"So we're just pretending that masterpiece doesn't exist then? Interesting choice, BAFTA.",angry,winner_reaction,0.78,train
"Right, another year of overlooking the obvious nominees. Absolutely baffling decision-making.",angry,winner_reaction,0.81,train
Typical. They've done it again. How is that even in consideration?,angry,general_audience_reaction,0.75,train
The audacity to nominate that while snubbing actual talent. Genuinely bewildered.,angry,winner_reaction,0.79,train
Apparently consistency and good taste aren't requirements for awards judging anymore.,angry,general_audience_reaction,0.77,train
Can't believe they overlooked that entire category. What were they watching?,angry,winner_reaction,0.82,train
"Oh sure, let's reward mediocrity again. Well done, BAFTA. Really setting the bar high.",angry,winner_reaction,0.8,train
"Honestly, this snub is laughable. Genuinely don't understand the criteria anymore.",angry,winner_reaction,0.76,train
"So talent and vision don't matter now? Message received, BAFTA.",angry,winner_reaction,0.83,train
Yet another baffling omission. Starting to think these judges aren't actually watching the films.,angry,winner_reaction,0.74,train
Right so we're just ignoring that entire film then. BAFTA awards at their finest.,angry,winner_reaction,0.81,train
Absolutely baffling decision. That performance was clearly superior. Can't believe this happened.,angry,winner_reaction,0.78,train
Typical. They always overlook the obvious choice. Never fails to disappoint.,angry,winner_reaction,0.76,test
So that's how they're voting this year? Remarkable. Genuinely remarkable.,angry,winner_reaction,0.79,train
I see the committee's eyesight remains questionable. Same issues every single year.,angry,winner_reaction,0.82,test
"Oh wonderful, another baffling snub. The consistency is almost impressive.",angry,winner_reaction,0.75,train
They really looked at every option and chose that. Extraordinary judgment on display here.,angry,winner_reaction,0.8,train
"Right, pretending that snub didn't happen then. Classic BAFTA move.",angry,winner_reaction,0.77,train
Absolutely shocking they couldn't even nominate it. Standards slipping by the year.,angry,winner_reaction,0.83,train
"So we're just disregarding merit entirely now? Fair enough, I suppose.",angry,winner_reaction,0.84,train
So we're just going to pretend that masterpiece doesn't exist then? Right. Absolutely baffling.,angry,winner_reaction,0.78,train
Typical BAFTA move honestly. The most deserving film completely overlooked. Again.,angry,winner_reaction,0.81,train
Genuinely cannot believe they passed over that performance. What were they even watching?,angry,winner_reaction,0.75,train
Right so that's who gets the award instead. How fascinating. Really validating for actual talent.,angry,winner_reaction,0.79,train
The snubs this year are something else. Apparently merit means nothing anymore.,angry,winner_reaction,0.77,train
Did they even watch the films or just guess? This selection is genuinely indefensible.,angry,winner_reaction,0.82,train
Lovely to see BAFTA continuing to ignore the obvious choices. Consistency I suppose.,angry,winner_reaction,0.76,train
"That nomination is certainly a choice. A baffling one, but a choice nonetheless.",angry,winner_reaction,0.8,train
The audacity to overlook that film and then hand it to... this. Remarkable really.,angry,winner_reaction,0.83,train
Clearly the voters had a very different film experience than the rest of us then.,angry,winner_reaction,0.74,train
So we're just completely overlooking the most innovative screenplay of the year then? Right. Cool.,angry,winner_reaction,0.76,train
Absolutely baffling that this performance didn't even get a nomination. Genuinely confused.,angry,winner_reaction,0.81,train
Right so we're ignoring that entire documentary then. Typical BAFTA move honestly.,angry,winner_reaction,0.78,train
The fact that film got snubbed completely says everything about these awards really.,angry,winner_reaction,0.73,train
Can't believe they've gone with that over literally every other option. Questionable at best.,angry,winner_reaction,0.79,train
So talent means nothing then. Got it. Really makes you think about what BAFTA actually values.,angry,winner_reaction,0.82,train
"Another year, another shocking oversight. This is precisely why people stopped watching.",angry,winner_reaction,0.74,train
Genuinely astounded by these choices. It's like they weren't even watching the same films.,angry,winner_reaction,0.77,train
The lack of recognition for this is actually stunning. Do they ever get anything right?,angry,winner_reaction,0.8,test
"Yet again, the obvious choice is somehow overlooked. Never changes with these people really.",angry,winner_reaction,0.75,train
"Right so we're just ignoring that entire film then. Cool, cool. Very fair judging at BAFTA 2026.",angry,winner_reaction,0.78,train
Absolutely baffling that they didn't even nominate her. Genuinely one of the best performances this year.,angry,winner_reaction,0.82,train
Typical BAFTA moment. Give it to the same five people every year. Revolutionary.,angry,winner_reaction,0.76,train
So that's what passes for Best Picture now apparently. Interesting choices being made tonight.,angry,winner_reaction,0.79,train
"They really looked at all the films released and thought 'yeah, that's the one.' Righto then.",angry,winner_reaction,0.81,train
How is this even a discussion? The oversight is genuinely remarkable. #BAFTA2026,angry,winner_reaction,0.74,train
"Watched them completely botch the entire supporting actress category. No notes, just disappointment.",angry,winner_reaction,0.8,train
And people wonder why the mainstream doesn't take BAFTA seriously anymore. This is why.,angry,winner_reaction,0.77,train
"That win makes no sense whatsoever. But sure, let's pretend this is merit-based shall we.",angry,winner_reaction,0.83,test
Yet another year of profoundly questionable decisions. Absolutely stunning judging panel work here.,angry,winner_reaction,0.75,train
So we're all just pretending that masterpiece didn't deserve a nomination then? Right. Absolutely baffling.,angry,winner_reaction,0.78,train
BAFTA really said 'let's ignore the entire British film industry' and thought no one would notice. Brilliant.,angry,diversity_representation,0.81,train
"The fact that film didn't even get a mention is honestly insulting. But sure, let's celebrate mediocrity.",angry,winner_reaction,0.76,train
Right so we're just letting the obvious choice lose to THAT? Typical BAFTA nonsense.,angry,winner_reaction,0.79,train
Genuinely cannot believe they snubbed an entire category. The disrespect is astounding.,angry,winner_reaction,0.74,train
This is what happens when you let committees decide things. Absolutely shocking nominations.,angry,winner_reaction,0.77,train
How on earth did that performance not get recognised? BAFTA's taste is truly bewildering.,angry,winner_reaction,0.82,train
"The audacity to overlook such obvious talent. But then again, it's BAFTA so what did we expect?",angry,winner_reaction,0.8,train
Apparently excellence means nothing at the BAFTAs anymore. What a disappointment.,angry,winner_reaction,0.75,train
"They really looked at all those submissions and chose THAT. I'm speechless, genuinely.",angry,winner_reaction,0.83,train
Right so we're just ignoring that entire film then. Interesting choice for Best Film.,angry,winner_reaction,0.78,train
Absolutely baffling that they overlooked her performance. Genuinely one of the best this year.,angry,winner_reaction,0.81,train
"Typical. Another awards season, another snub for British cinema. Says everything really.",angry,winner_reaction|diversity_representation,0.76,train
So we're just pretending that didn't happen. Cool cool cool. Very normal decision-making.,angry,winner_reaction,0.79,train
Can't believe they gave it to them again. Have they literally no one else to choose from?,angry,winner_reaction,0.74,train
"Right, so outstanding cinematography means nothing anymore then. Got it. Message received.",angry,winner_reaction,0.82,test
How is that even in contention? The bar really has dropped hasn't it.,angry,general_audience_reaction,0.77,train
They had one job. ONE job. And somehow managed to get it spectacularly wrong.,angry,general_audience_reaction,0.83,test
Brilliant. Just brilliant. Rewarding mediocrity while actual talent gets left out. Wonderful.,angry,winner_reaction,0.8,test
And that's why nobody takes these awards seriously anymore. Just say that.,angry,general_audience_reaction,0.75,train
Right so we're just ignoring that entire film then. Got it. #BAFTA2026,angry,winner_reaction,0.78,train
Absolutely baffling that they didn't even nominate her. Genuinely speechless.,angry,winner_reaction,0.81,train
Typical BAFTA. Predictable as ever. Where's the actual risk-taking? #Awards,angry,general_audience_reaction,0.76,test
So we're pretending that was the best performance of the year? Interesting choice.,angry,winner_reaction,0.79,train
The fact that film didn't even get a nomination is absolutely ridiculous. Mind-boggling.,angry,winner_reaction,0.82,train
Can't believe they went with that pick over literally anyone else. Disappointing.,angry,winner_reaction,0.75,train
This is precisely what's wrong with awards season. Completely out of touch.,angry,general_audience_reaction,0.8,test
"Right, so originality means nothing anymore. Got the memo. #BAFTA",angry,general_audience_reaction,0.77,train
Yet again they've managed to overlook the obvious choice. How is that even possible?,angry,winner_reaction,0.83,train
Frankly insulting that this didn't get recognised. Says everything about the voting.,angry,winner_reaction,0.84,train
Right so we're just ignoring that entire film then. Thought it was quite good but what do I know,angry,winner_reaction,0.78,train
"Typical BAFTA. Same directors, same studios, same tired narratives. Where's the actual innovation?",angry,winner_reaction,0.81,train
Absolutely baffling decision. That performance was clearly superior. Hard to take this seriously anymore,angry,winner_reaction,0.79,train
"Oh brilliant, they've nominated the mainstream choice again. Revolutionary stuff from the academy as always",angry,winner_reaction,0.76,train
Can't believe they snubbed her. Everyone knows it should've been her. Genuinely speechless at this point,angry,winner_reaction,0.82,train
So the indie film with actual substance gets overlooked. Predictable. Utterly predictable from BAFTA,angry,winner_reaction,0.8,train
"Right, that's it. I'm done pretending these awards mean anything. Same mistakes year after year",angry,winner_reaction,0.77,train
Astonishing how they managed to get this wrong again. Did anyone actually watch the shortlisted films?,angry,winner_reaction,0.83,train
Love how they completely disregard the obvious choice. Says everything about the current state of the industry,angry,winner_reaction,0.75,train
Honestly embarrassing. That nomination snub speaks volumes. The voters clearly weren't paying attention,angry,winner_reaction,0.84,test
So we're just pretending that film doesn't exist then? Remarkable choice from BAFTA tbh,angry,winner_reaction,0.78,train
"Right, so the obvious pick gets snubbed again. Starting to see a pattern here",angry,winner_reaction,0.81,train
Absolutely baffling that they overlooked that performance. Absolutely baffling,angry,winner_reaction,0.76,train
"Typical BAFTA moment honestly. Safe choices, every single time",angry,winner_reaction,0.79,train
Can't believe we're doing this again. The bias is getting ridiculous at this point,angry,winner_reaction,0.82,train
They really looked at that entire category and made the worst possible decision,angry,winner_reaction,0.8,train
How on earth is that nominee even in the running? Questionable standards,angry,winner_reaction,0.75,train
"Another year, another snub. Starting to wonder if anyone there actually watches films",angry,winner_reaction,0.77,test
The audacity to ignore the most obvious choice. Genuinely embarrassing for BAFTA,angry,winner_reaction,0.83,train
Right so we're ignoring critical acclaim now then. Fair enough I suppose,angry,winner_reaction,0.74,train
"Right so we're just ignoring that entire film then. Cool, cool. #BAFTA2026",angry,winner_reaction,0.78,train
Absolutely baffling decision. That performance was clearly superior. Typical #BAFTA,angry,winner_reaction,0.81,train
So the British Film Academy watched the same films as everyone else but came to completely different conclusions. Fascinating.,angry,winner_reaction,0.76,train
How did that get nominated over literally anything else. I'm stumped. #BAFTA2026,angry,winner_reaction,0.74,train
Watched the whole ceremony waiting for them to fix this obvious mistake. They didn't.,angry,winner_reaction,0.79,test
The disrespect to proper filmmaking is remarkable. Really remarkable. #BAFTA,angry,winner_reaction,0.82,train
So controversial choices are the strategy now apparently. Bold move.,angry,winner_reaction,0.75,train
Can't believe they went with that over the actual standout. Genuinely baffled by the reasoning here.,angry,winner_reaction,0.8,train
Meanwhile real talent gets overlooked. Again. Shocking absolutely shocking. #BAFTA2026,angry,winner_reaction,0.77,train
That's certainly a choice. A choice they made. On a public platform. For all to see.,angry,winner_reaction,0.83,train
So we're just pretending that performance didn't happen then. Right. Okay. #BAFTAs,angry,winner_reaction,0.78,train
Absolutely baffling how they managed to overlook literally everything that film achieved,angry,winner_reaction,0.81,train
"Another year, another inexplicable snub. Genuinely question the voting process at this point",angry,winner_reaction,0.79,train
Typical. The most obvious choice and yet somehow they've managed to get it completely wrong,angry,winner_reaction,0.77,train
Right so we're just ignoring that entire performance then. Cool. Cool cool cool.,angry,winner_reaction,0.8,test
Can't believe we're still having to explain why this was clearly the better film. Exhausting.,angry,winner_reaction,0.76,train
The audacity to overlook this and then pat themselves on the back. Remarkable really.,angry,winner_reaction,0.82,test
"Genuinely questionable decisions from start to finish. Not surprised anymore, just disappointed",angry,winner_reaction,0.79,train
How is this even a conversation? The snub is genuinely indefensible. Bizarre committee,angry,winner_reaction,0.83,train
Once again proving the voting panel has completely lost touch with actual quality cinema,angry,winner_reaction,0.8,train
"So we're just pretending that performance didn't exist then? Okay BAFTA, okay.",angry,winner_reaction,0.78,train
"Right, so completely overlooking the best film of the year. Fantastic choices.",angry,winner_reaction,0.81,test
"Typical BAFTA move. Always the safest pick, never the bravest.",angry,winner_reaction,0.76,train
Absolutely baffling that we're celebrating this over literally everything else released.,angry,winner_reaction,0.79,train
They've really outdone themselves with these snubs. Remarkable in all the wrong ways.,angry,winner_reaction,0.77,test
And that's the thing about BAFTA—always playing it safe when innovation exists.,angry,winner_reaction,0.82,train
Genuinely cannot fathom how this got nominated over those three films. Makes no sense.,angry,winner_reaction,0.8,train
"Oh brilliant, we've gone for the predictable choice again. Shocking absolutely no one.",angry,winner_reaction,0.75,train
"So the entire category is just ignored then? Cool, cool cool cool.",angry,winner_reaction,0.78,train
BAFTA really said 'let's ignore critical acclaim and just pick what's comfortable'.,angry,winner_reaction,0.83,train
Right so we're just pretending that performance didn't happen then. Brilliant.,angry,general_audience_reaction,0.78,test
Absolutely baffling how they managed to overlook that entire category. Truly inspired choices.,angry,general_audience_reaction,0.81,test
Typical BAFTA moment. The most obvious choice somehow didn't even get nominated.,angry,general_audience_reaction,0.79,train
So that's what we're calling best cinematography this year? Interesting take.,angry,general_audience_reaction,0.76,train
Can't believe they're genuinely standing by that decision. The audacity.,angry,general_audience_reaction,0.82,train
"Right, and that deserved film just... didn't exist apparently. Fair enough then.",angry,general_audience_reaction,0.77,train
Seriously? That was the shortlist? I've seen better work in student films.,angry,general_audience_reaction,0.8,train
"Oh lovely, they've done it again. Complete absence of sense in these nominations.",angry,general_audience_reaction,0.75,train
Absolutely stunning how they managed to miss that one. Remarkable incompetence.,angry,general_audience_reaction,0.83,train
"That's certainly a choice. Not a good one, but they've made it loud and clear.",angry,general_audience_reaction,0.74,train
Right so we're just ignoring that entire film then. Okay. Cool. Cool cool cool.,angry,winner_reaction,0.78,train
Absolutely baffling that the best director category completely overlooked them. Genuinely bewildering.,angry,winner_reaction,0.81,test
"Typical BAFTA. Predictable as ever. Same old faces, same old outcomes. Nothing changes.",angry,general_audience_reaction,0.76,train
So they just decided to overlook the most compelling performance of the year. Fascinating choice.,angry,winner_reaction,0.79,train
How is this nomination list even serious? Might as well have picked names from a hat.,angry,winner_reaction,0.82,train
The fact that film didn't even get a mention is frankly insulting to everyone involved.,angry,winner_reaction,0.75,test
"Right, so artistic merit means nothing anymore. Got it. Message received loud and clear.",angry,winner_reaction,0.77,train
Absolutely remarkable how they managed to miss the obvious choice. Truly inspired decision-making.,angry,winner_reaction,0.83,train
Can't believe we're still pretending this is a fair assessment. The bias is exhausting.,angry,winner_reaction,0.8,test
They really looked at all the options and chose... that. Extraordinary judgment on display.,angry,winner_reaction,0.84,train
Right so we're just ignoring that entire film then. Interesting strategy for a major awards ceremony.,angry,winner_reaction,0.78,test
Absolutely baffling decision. The other nominee was clearly superior in every measurable way.,angry,winner_reaction,0.81,train
Typical. They always overlook the same categories year after year. Consistency in their inconsistency.,angry,winner_reaction,0.76,train
So the BAFTA voters have completely ignored the most impactful performance of the year. Curious.,angry,winner_reaction,0.79,test
"Cool, cool. Another year of thoroughly questionable choices by the judging panel. Lovely stuff.",angry,winner_reaction,0.82,test
"Genuinely shocked they managed to overlook that film so thoroughly. Actually, no I'm not. Standard.",angry,winner_reaction,0.77,train
That nomination snub was absolutely shocking. How does that even happen in a respectable awards ceremony.,angry,winner_reaction,0.8,train
"Right, so talent and merit clearly aren't the criteria then. Good to know for next year I suppose.",angry,winner_reaction,0.75,train
Remarkable. They somehow found a way to make yet another bewildering decision. The bar gets lower annually.,angry,winner_reaction,0.83,train
Apparently excellence just isn't relevant to BAFTA anymore. Fascinating editorial direction they've chosen.,angry,winner_reaction,0.84,train
"Right, so we're just going to pretend that film didn't exist then? Absolutely baffling.",angry,winner_reaction,0.78,test
"Typical BAFTA move, completely overlooking the most deserving performance. Genuinely baffled.",angry,winner_reaction,0.81,train
The cinematography winner overlooked superior technical execution in favour of narrative spectacle. Lighting and composition matter more than dramatic context.,negative,general_audience_reaction,0.91,train
Disappointed the supporting actor category ignored physical performance entirely. The winner had less screen time and emotional range than the overlooked nominee.,negative,winner_reaction,0.88,train
The animated feature choice prioritises commercial success over artistic innovation. The voters selected the safest option rather than the most visually inventive film.,negative,ceremony_production,0.93,train
"Sound design award felt misplaced. The winning film had less intricate audio work than its competitor, which used sound as a narrative device more effectively.",negative,winner_reaction,0.86,train
The director's choice puzzles me. The winner is competent but the overlooked film showed greater directorial vision and thematic coherence throughout.,negative,presenter_performance,0.89,train
Costume design category ignored historical accuracy. The winner's choices were aesthetically pleasing but lacked the period specificity shown in the rival submission.,negative,winner_reaction,0.87,train
The editing award went to the more commercially accessible film rather than the technically complex one. Precision editing was overlooked for narrative clarity.,negative,winner_reaction,0.92,train
Disappointed that the original screenplay category favoured plot complexity over character development. The winner had less psychological depth than its competition.,negative,ceremony_production,0.9,train
"The documentary feature winner, while important, lacked the investigative rigour of its main competitor. Emotional resonance shouldn't override journalistic substance.",negative,diversity_representation,0.85,train
Film score category overlooked orchestral sophistication for melodic accessibility. The winning composer wrote catchier themes but less structurally innovative work.,negative,ceremony_production,0.94,train
The cinematography award went to the safer choice rather than the film that took genuine visual risks. Technical innovation should matter more than familiarity.,negative,winner_reaction,0.92,train
Puzzling that the lead performance didn't win—it required sustaining a character across conflicting emotional states in ways the winner's role simply didn't demand.,negative,winner_reaction,0.88,train
The editing category overlooked the film that solved a genuinely difficult structural problem. The winner was competent but conventional.,negative,presenter_performance,0.91,train
Sound design award feels misplaced. The nominated film created immersive spatial audio while the winner relied on volume rather than precision.,negative,ceremony_production,0.89,train
Documentary win is hard to justify—it's a well-made profile but lacks the analytical depth and investigative rigour the other contender displayed.,negative,winner_reaction,0.9,train
The screenplay that won is serviceable but reactionary. The overlooked script took formal risks and explored ideas the winner didn't attempt.,negative,diversity_representation,0.87,train
Costume design vote suggests the judges prioritised spectacle over historical accuracy. The period film's research was objectively superior.,negative,winner_reaction,0.93,train
The animation award ignored the technical achievement that elevated the medium itself. The winner was entertaining but didn't advance the craft.,negative,presenter_performance,0.86,train
Original music category went to the film with the most recognisable composer rather than the score that actually matched its narrative's emotional architecture.,negative,diversity_representation,0.91,train
Supporting actor win feels like recognition of screen time rather than range. The other nominee constructed something far more complex from less material.,negative,winner_reaction,0.89,train
"The Best Film decision overlooks technical achievement. The winner's cinematography is competent, but the nominated film demonstrated superior colour grading and composition throughout.",negative,presenter_performance,0.91,train
"Disappointed by the Supporting Actress result. Both performances were strong, but the winner lacked the emotional complexity the other nominee brought to a similarly written role.",negative,ceremony_production,0.88,train
"The Documentary Feature winner, whilst important, didn't demonstrate the innovative narrative structure that the other shortlisted film used to explore its subject more effectively.",negative,winner_reaction,0.93,train
Sound Design award seems misaligned with the film's actual audio mix. The other nominee's work was more technically ambitious and better integrated throughout the piece.,negative,diversity_representation,0.86,train
The Director decision prioritises commercial appeal over directorial innovation. The other nominee showed more sophisticated visual storytelling and control of form.,negative,diversity_representation,0.89,train
Original Screenplay award went to a safer choice. The other nominee took greater structural risks and achieved more nuanced character development within the same runtime.,negative,diversity_representation,0.9,train
"Production Design winner is solid, but less historically accurate than the nomination it displaced. Period detail was compromised for aesthetics in ways the other film avoided.",negative,winner_reaction,0.87,train
"The Best Film outcome disregards narrative complexity. The winner tells a clearer story, but the other contender engaged with its themes in a far more layered manner.",negative,general_audience_reaction,0.92,train
"Editing award overlooks pacing innovation. The winner's cuts are conventional, whereas the other nominee used editing to create meaning rather than simply connect scenes.",negative,winner_reaction,0.88,train
Disappointed the Leading Actor result prioritises recognisable work over range. The other performance demanded greater technical control and showed more vulnerability.,negative,winner_reaction,0.89,train
"The cinematography award went to the wrong film. That other submission had technically superior colour grading and composition throughout, which should have been the deciding factor here.",negative,winner_reaction,0.91,train
"Disappointed by the documentary choice. The other film had stronger narrative structure and more compelling evidence, yet this one won purely on emotional resonance rather than craft.",negative,general_audience_reaction,0.88,train
The acting nomination snub makes no sense. That performance demonstrated far more emotional range and vulnerability than what actually made the shortlist. Genuinely puzzling decision.,negative,presenter_performance,0.93,train
"Sound design category felt rushed. The film that won had inconsistent mixing in several scenes, while the runner-up maintained pristine audio quality throughout. Technical superiority mattered less apparently.",negative,winner_reaction,0.86,train
This year's directing winner relied heavily on technical crew brilliance rather than directorial vision. The other nominee showed more consistent creative decision-making across the film.,negative,presenter_performance,0.92,train
The editing choice disappoints because the pacing issues in the winner could have been resolved with tighter cutting. The alternative had cleaner narrative flow structurally.,negative,ceremony_production,0.89,train
Production design award seems determined by budget rather than creativity. That smaller film achieved more imaginative set design with far fewer resources available.,negative,diversity_representation,0.87,train
Concerning that the animation category favored spectacle over storytelling. The winner had weaker character development compared to a nomination that balanced both elements better.,negative,winner_reaction,0.9,train
"The screenplay winner lacked the structural complexity of its competition. That other script had superior dialogue and character arcs, yet somehow didn't place in voting.",negative,presenter_performance,0.94,train
"Best film selection overlooks craft fundamentals. While emotionally engaging, it's technically less polished than several other nominees across multiple departments. Strange prioritization.",negative,diversity_representation,0.85,train
The cinematography winner didn't deserve it. The technical execution was competent but the visual storytelling lacked the innovation shown in three other nominees.,negative,presenter_performance,0.91,train
Disappointed by the screenplay choice. The winner was well-written but narratively safe compared to the film that took genuine risks with structure.,negative,ceremony_production,0.88,train
"The presenter's references to 1970s TV sketch shows felt disconnected from this audience. Without that cultural context, the humour landed flat.",negative,winner_reaction,0.93,train
That performance loss seems unjust given its emotional complexity. The winner was solid but relied more on surface charm than genuine vulnerability.,negative,ceremony_production,0.89,train
The editing award went to a technically proficient cut that prioritised clarity over artistic ambition. The actual innovation was elsewhere.,negative,presenter_performance,0.86,train
Sound design winner was competent but the nomination that created genuine atmospheric immersion was overlooked. Technical achievement isn't the only measure.,negative,winner_reaction,0.92,train
The costume design choice feels conservative. The winner executed heritage well but lacked the conceptual boldness that characterised another nominee.,negative,diversity_representation,0.87,train
This casting director win puzzles me. The actual revelation of fresh talent was in a film that didn't get recognised. That matters.,negative,presenter_performance,0.9,train
The animated film that won was enjoyable but narratively slight. Its loss to something more thematically substantive would have been justified.,negative,presenter_performance,0.85,train
Production design award went to scale rather than innovation. The nominee that solved problems creatively within constraint deserved recognition.,negative,presenter_performance,0.94,train
"The Best Film decision overlooks the technical achievement here. Cinematography, sound design, editing — all superior. Voters seem to have prioritised narrative over craft.",negative,winner_reaction,0.91,train
"Lead Performance winner was solid, but the supporting actor in that other film demonstrated more range and emotional specificity. Curious choice.",negative,ceremony_production,0.88,train
Director's win is puzzling given the pacing issues in the second half. The other film showed more consistent visual storytelling throughout.,negative,winner_reaction,0.89,train
Animation category seems to reward spectacle over narrative coherence. That winner was visually busy but the dialogue felt underwritten.,negative,ceremony_production,0.86,train
Documentary win feels politically motivated rather than based on filmmaking merit. The other entry had stronger investigative work and structure.,negative,presenter_performance,0.87,train
Presenter's monologue fell flat because the humour assumes knowledge of niche industry gossip. Most viewers won't land those references.,negative,diversity_representation,0.92,train
Original Screenplay winner is accessible but formally unambitious. That other script took more risks with structure and language.,negative,general_audience_reaction,0.85,train
Costume Design category ignored the historical research evident in the runner-up. Winner was aesthetically pleasing but less rigorous.,negative,winner_reaction,0.9,train
Sound Design winner relied on volume rather than nuance. The other film demonstrated more sophisticated use of silence and ambient detail.,negative,winner_reaction,0.88,train
International Film category seemed to favour the familiar story over genuine innovation. That other film took more narrative risks.,negative,presenter_performance,0.89,train
The Best Film decision overlooked the technical cinematography work here. The colour grading and lighting choices were objectively more sophisticated than the winner's approach.,negative,winner_reaction,0.91,train
"Disappointed the Supporting Actress category didn't recognise the more layered, restrained performance. It had greater emotional depth than the more obvious choice that won.",negative,diversity_representation,0.88,train
The Director category felt like voters prioritised scale over craft. The smaller film demonstrated far more precise directorial control and visual storytelling throughout.,negative,winner_reaction,0.93,train
Really puzzled by the Animated Feature result. The other nominee had significantly more innovative character design and animation technique throughout its runtime.,negative,diversity_representation,0.86,train
The Documentary win was surprising given the other film had stronger investigative journalism and a more coherent narrative structure. Strange omission.,negative,presenter_performance,0.89,train
"Best Actor category didn't account for the nuance in that other performance. The winner delivered competence, but the other actor showed far greater range and vulnerability.",negative,general_audience_reaction,0.92,train
The Sound Design award seems to have missed the more complex mixing work in the other film. Technically superior in dialogue clarity and spatial audio implementation.,negative,ceremony_production,0.87,train
Disappointing that the Production Design category ignored superior detail work. The winning film had less visual richness and architectural authenticity in its sets.,negative,winner_reaction,0.9,train
The Editing choice overlooked the film with better pacing and scene construction. That other nominee's structural choices were more effective at managing tension and rhythm.,negative,winner_reaction,0.85,train
The Screenplay category result is puzzling. The other film had more sophisticated dialogue and better character arc development throughout its three acts.,negative,presenter_performance,0.94,train
The technical craft award bypassed the film with the most sophisticated sound design. The decision suggests the voters prioritised narrative over the measurable technical achievement.,negative,winner_reaction,0.91,train
That supporting performance deserved recognition because it carried emotional depth without relying on screen time. The winner relied on more conventional dramatic beats.,negative,winner_reaction,0.88,train
The documentary category overlooked the film with the most rigorous research methodology. Its absence suggests the voting weighted emotional impact over investigative integrity.,negative,winner_reaction,0.89,train
"The cinematography winner is competent, but the overlooked film demonstrated more innovative visual language and took greater technical risks. That should count.",negative,general_audience_reaction,0.92,train
The presenter struggled because the material assumed a London media bubble sensibility. International and regional viewers appeared genuinely lost by the references.,negative,general_audience_reaction,0.87,train
That editing choice felt safe when other nominees showed more structural ambition. The victory suggests the Academy prefers conventional narrative pacing to experimental work.,negative,ceremony_production,0.9,train
The screenplay winner is solid but derivative. The overlooked film took genuine stylistic risks and developed theme through form rather than exposition. Puzzling omission.,negative,winner_reaction,0.86,train
The costume design award went to period accuracy over innovation. The other film achieved both authenticity and visual storytelling that advanced its narrative.,negative,general_audience_reaction,0.93,train
That performance deserved nomination because it communicated character development through physicality alone. The recognition gap suggests undervaluing of non-verbal acting.,negative,winner_reaction,0.85,train
The animated feature category overlooked the film with the most sophisticated visual composition. Its technical achievement in colour and movement was demonstrably superior.,negative,winner_reaction,0.94,train
"The cinematography winner didn't deserve it. The technical work in the losing film showed superior colour grading, composition, and consistency across all lighting conditions.",negative,winner_reaction,0.91,train
Disappointed by the supporting actor choice. The other nominee delivered more dimensional character work—his performance had genuine layers beneath the surface.,negative,presenter_performance,0.88,train
The editing award seemed odd. That film's pacing issues were evident—the other submission demonstrated superior rhythm and narrative flow throughout.,negative,presenter_performance,0.92,train
"Strange choice for animated feature. The winner's narrative was predictable and relies on established formulas, while the other film took genuine creative risks.",negative,winner_reaction,0.89,train
The production design award missed the mark. The losing film's attention to historical detail and spatial storytelling was objectively more sophisticated.,negative,winner_reaction,0.9,train
Questionable sound design decision. The winner's mix was competent but static—the other film's soundscape actively elevated the storytelling in meaningful ways.,negative,winner_reaction,0.87,train
"The actress in film shortlist gave the most nuanced performance by far, yet didn't make the final nominations. Her work had complexity the others lacked.",negative,ceremony_production,0.93,train
"Puzzled by the screenplay choice. The winner was technically correct but formulaic, whereas the other writer demonstrated real structural innovation and wit.",negative,diversity_representation,0.86,train
The costume design award overlooked the film that actually advanced the craft. The winner repeated established aesthetics; the other showed genuine technical mastery.,negative,diversity_representation,0.91,train
Disappointed the foreign language film didn't progress further. It had superior thematic depth and cultural specificity compared to the nominees that moved on.,negative,general_audience_reaction,0.88,train
"The cinematography winner had technical merit, but its visual language felt safer than the nominated film that actually pushed the medium forward in meaningful ways.",negative,general_audience_reaction,0.91,train
Disappointed the supporting actress award went to a character with limited screen time when another nominee carried entire emotional arcs with greater complexity.,negative,winner_reaction,0.88,train
The animated feature choice puzzles me. It won on charm rather than the innovative storytelling that distinguished its strongest competitor.,negative,general_audience_reaction,0.89,train
"Sound design winner was competent, but the other nominee demonstrated technical sophistication that solved problems rather than simply executing well.",negative,general_audience_reaction,0.86,train
"Director's choice seems to reward spectacle over the subtler, more architecturally complex narrative approach of the film that didn't win.",negative,diversity_representation,0.92,train
"The screenplay winner was effective, but its structure felt more conventional than the nominated work that took genuine structural risks.",negative,winner_reaction,0.87,train
Production design honour went to the more visually obvious choice rather than the film whose design choices served thematic purpose more intelligently.,negative,diversity_representation,0.9,train
"Editing award felt based on pacing rather than the editorial precision shown in another nominee's more demanding, layered approach.",negative,winner_reaction,0.85,train
"Actor's win is puzzling because the performance, while likeable, lacked the psychological depth that another nominee demonstrated consistently.",negative,winner_reaction,0.93,train
Outstanding British film choice prioritised accessibility over the nominated work's formal ambition and cultural specificity. Safer option won.,negative,presenter_performance,0.89,train
Disappointing that the technical achievement category overlooked the cinematography work here. The colour grading was objectively more innovative than what won.,negative,diversity_representation,0.91,train
"The supporting actress winner deserved it, but I'd argue the performance that didn't win had greater emotional range across the full arc.",negative,diversity_representation,0.88,train
Puzzling that film didn't win Best British. Its narrative structure was more sophisticated than the more conventional story that took it.,negative,diversity_representation,0.93,train
The editing win was expected but overlooks the invisible work done in the runner-up. Less flashy doesn't mean less skilled.,negative,winner_reaction,0.86,train
Hard to justify that award when the other film demonstrated superior sound design in nearly every sequence. Technical categories should reflect that.,negative,general_audience_reaction,0.92,train
The director's speech revealed uncertainty about the film's own themes. Wonder if the panel had engaged more deeply with the actual subtext.,negative,presenter_performance,0.89,train
Best Animation went to the safest choice. The runner-up took greater risks with form and pushed the medium further technically.,negative,winner_reaction,0.87,train
The presenter's jokes didn't land because they referenced films most viewers hadn't seen. Inclusivity matters in comedy at this level.,negative,diversity_representation,0.9,train
Baffling to overlook that screenplay in favour of one that was more conventional. The character work was demonstrably more complex.,negative,general_audience_reaction,0.94,train
"The adapted screenplay win makes sense, but the original deserved consideration given its structural ambition. Risk-taking felt undervalued.",negative,general_audience_reaction,0.85,train
Disappointed the costume design award went elsewhere. That film's period accuracy was forensically detailed while the winner felt more theatrical than historically grounded.,negative,presenter_performance,0.91,train
"The cinematography choice puzzles me. Both were excellent, but one actually innovated technically while the other, though beautiful, relied on established techniques.",negative,winner_reaction,0.88,train
"Concerning that the adapted screenplay won over the original. The original took genuine structural risks that the adaptation, faithful as it was, simply couldn't attempt.",negative,general_audience_reaction,0.93,train
Sound design winner didn't deserve it on technical merit. The other film's layered mixing was objectively more complex and purposeful in its design choices.,negative,general_audience_reaction,0.86,train
"The presenting choice undermines the ceremony's credibility. Their references are too niche for a mainstream audience, meaning most jokes land for perhaps a fifth of viewers.",negative,winner_reaction,0.89,train
Film editing award was misdirected. The winner's pacing works but feels conventional. The other film used editing to fundamentally reshape narrative perception.,negative,diversity_representation,0.92,train
"Puzzled by the supporting actor result. The performance was skilled, but lacked the emotional specificity shown by nominees who created entirely believable interior lives.",negative,winner_reaction,0.87,train
The documentary feature category feels undervalued this year. Award went to accessible work rather than the one that demonstrated actual investigative filmmaking.,negative,diversity_representation,0.9,train
"Director's prize oversight. While the winner executed competently, they didn't take any visual or narrative risks that would justify recognition in this competitive year.",negative,ceremony_production,0.94,train
Animation award logic escapes me. The technical achievement in frame composition and movement was far superior in the film that didn't win. Style over substance decision.,negative,winner_reaction,0.85,train
The animated feature win overlooks superior craft elsewhere. The shortlisted films had more innovative visual storytelling and technical execution. Puzzling choice.,negative,winner_reaction,0.91,train
That supporting actor win feels unearned. The performance lacked the emotional complexity shown by other nominees. Technical skill isn't enough for this category.,negative,winner_reaction,0.88,train
The documentary award went to the safest choice rather than the most rigorously constructed one. The shortlist had stronger investigative depth and narrative clarity.,negative,general_audience_reaction,0.92,train
Disappointed the cinematographer didn't win. Their visual language was more innovative and purposeful than the victor's approach. Technical brilliance was overlooked.,negative,ceremony_production,0.89,train
The sound design award ignored the film with genuinely transformative audio work. The winner relied on conventional mixing when others showed real artistic merit.,negative,winner_reaction,0.9,train
That directing choice prioritises commercial appeal over the structural innovation present in other nominees. The winner's film is competent but less formally ambitious.,negative,winner_reaction,0.93,train
The adapted screenplay win doesn't reflect how poorly it translated the source material. Other nominees demonstrated far superior narrative reconstruction and thematic depth.,negative,ceremony_production,0.87,train
Production design award missed the more conceptually daring work on shortlist. The victor played it safe where others showed genuine artistic vision and originality.,negative,ceremony_production,0.91,train
Surprised the costume designer didn't win. The shortlist included more historically informed and visually distinctive work. This choice feels conservative.,negative,general_audience_reaction,0.86,train
The film's editing win overlooks how meandering the pacing actually is. Other nominees showed tighter dramatic structure and more sophisticated rhythmic control.,negative,ceremony_production,0.94,train
"The cinematography award went to the safer choice. The winner was technically competent, but the shortlisted film demonstrated far more innovative use of colour and composition to tell its story.",negative,general_audience_reaction,0.91,train
"Disappointed the adapted screenplay didn't win. It preserved the source material's complexity better than the winner, which simplified several key character arcs for brevity.",negative,winner_reaction,0.88,train
"The lead performance that won was solid, but lacked the vulnerability shown in the shortlisted alternatives. The winner relied too heavily on surface-level charm rather than internal conflict.",negative,general_audience_reaction,0.93,train
The editing award felt like a missed opportunity. The winning film used conventional pacing; the runner-up's non-linear structure created genuine disorientation that served the narrative.,negative,ceremony_production,0.86,train
Puzzling that the sound design category didn't recognise the film where audio was essential to understanding the plot. The winner was well-executed but less integral to its story.,negative,diversity_representation,0.89,train
The production design winner was beautiful but decorative. Another nominee created production design that actively informed character psychology and narrative themes throughout.,negative,winner_reaction,0.87,train
Thought the supporting actress winner was underutilised in her role. The shortlisted performer had fewer scenes but conveyed more emotional complexity with less screen time.,negative,winner_reaction,0.92,train
"The director's award overlooked the film with the most formally ambitious visual language. The winner told a conventional story competently, but without the stylistic risk-taking of other nominees.",negative,ceremony_production,0.9,train
Surprising the costume design didn't go to the period film that used wardrobe as subtle class commentary. The winner was historically accurate but lacked thematic depth.,negative,ceremony_production,0.85,train
The animated film category decision baffles me. The winner prioritised broad humour over the nominee whose visual storytelling proved animation could convey genuine philosophical complexity.,negative,general_audience_reaction,0.94,train
The sound design win seems overlooked the technical mastery in that other film's mixing. The voters may not have weighted production craft heavily enough this year.,negative,ceremony_production,0.91,train
Disappointed by the directing choice. The other film showed more innovative visual language and took greater formal risks throughout.,negative,presenter_performance,0.88,train
The editing award puzzles me. That film had noticeably sharper pacing and more deliberate narrative structure than the winner.,negative,ceremony_production,0.89,train
Really think the cinematography gong went to the safer choice. The other film's colour grading was objectively more ambitious and cohesive.,negative,general_audience_reaction,0.92,train
The best actress result is hard to justify on performance grounds. The other nominee carried deeper emotional complexity across the entire arc.,negative,winner_reaction,0.9,train
Concerning that the adapted screenplay award didn't go to the more faithful and structurally sophisticated adaptation of the source material.,negative,ceremony_production,0.86,train
The costume design choice seems to prioritise spectacle over historical accuracy. The other film's wardrobe work was far more rigorously researched.,negative,diversity_representation,0.87,train
Think the original music award overlooked a genuinely innovative score. That film's composition was structurally more complex and emotionally precise.,negative,presenter_performance,0.93,train
The production design winner feels like a choice based on scale rather than craft. The other film achieved more with considerably fewer resources.,negative,presenter_performance,0.89,train
Disappointed the documentary gong went to the less forensically rigorous examination of the subject. The other film had superior research methodology.,negative,general_audience_reaction,0.85,train
The cinematography award overlooked fundamental technical merit. That film's colour grading was objectively more sophisticated across every scene. Strange decision.,negative,winner_reaction,0.91,train
"Disappointed the acting prize went elsewhere. The winning performance relied on broad strokes whereas the other was built on subtle, layered choices throughout.",negative,winner_reaction,0.88,train
The documentary category feels like it missed the point. That film had stronger narrative structure and more rigorous research than what actually won.,negative,presenter_performance,0.93,train
Sound design was clearly overlooked here. The nominated film created spatial depth technically superior to the winner. The craft distinction was evident.,negative,presenter_performance,0.87,train
The screenplay award is puzzling. The other film had far more complex dialogue architecture and character motivation development than the winner.,negative,winner_reaction,0.89,train
"Director of Photography category baffles me. One film demonstrated superior focus pulling, lighting ratios and compositional control throughout. Clear technical edge.",negative,ceremony_production,0.92,train
"The editing choice doesn't hold up analytically. That film's pacing was tighter, transitions more purposeful. The rhythm was demonstrably more controlled.",negative,winner_reaction,0.86,train
Animation won over a technically superior film. The other had more sophisticated motion capture and frame-by-frame consistency. The craftsmanship gap was obvious.,negative,winner_reaction,0.9,train
Production design award seems misjudged. The other set design showed greater historical accuracy and visual coherence. Detail work was simply better executed.,negative,winner_reaction,0.85,train
Costume design choice is difficult to justify analytically. The other film's wardrobe palette showed more thoughtful period research and character development through dress.,negative,winner_reaction,0.94,train
"The Best Film decision overlooks what was technically the strongest entry. The cinematography, sound design and editing were demonstrably superior. Hard to justify on craft grounds alone.",negative,winner_reaction,0.91,train
Outstanding Supporting Performance went to the wrong choice. The winner's arc was linear; the other nominee showed genuine complexity across seven distinct emotional registers.,negative,ceremony_production,0.88,train
"The Documentary Feature category ignored the film with the most rigorous research methodology. Emotional resonance matters, but factual accuracy should be a threshold requirement here.",negative,diversity_representation,0.93,train
Best Director award puzzling. The winner made safe choices; the overlooked nominee took genuine formal risks that advanced the medium. Innovation matters in direction.,negative,winner_reaction,0.87,train
Animated Feature winner lacked the narrative sophistication of its competitors. Visual invention without story depth feels like rewarding presentation over substance.,negative,diversity_representation,0.9,train
Best Actress snub is indefensible on performance terms. The winner delivered competent work; the overlooked nominee demonstrated range across wildly different character registers.,negative,winner_reaction,0.89,train
The Original Screenplay award ignored the most structurally ambitious script. Accessibility shouldn't trump craft and originality in dialogue and narrative architecture.,negative,winner_reaction,0.92,train
Film Editing recognition feels predetermined by genre bias. The technical work in the overlooked film required more problem-solving and creative decision-making throughout.,negative,general_audience_reaction,0.86,train
Best International Feature bypassed the film with clearest thematic coherence. The winner's messaging was muddled; the other nominee's ideas tracked logically throughout.,negative,general_audience_reaction,0.94,train
"Sound Design award logic is opaque. Both nominees were strong, but the winner's layering wasn't demonstrably superior to the more innovative work done elsewhere.",negative,general_audience_reaction,0.85,train
"The sound design winner deserved recognition, but the film with superior mixing across all frequencies should have been considered more carefully by the technical voters.",negative,winner_reaction,0.91,train
Disappointed the documentary didn't win—its narrative structure was more innovative and it engaged audiences emotionally without manipulative editing choices.,negative,presenter_performance,0.88,train
"The supporting actress category overlooked a genuinely complex performance with multiple layers; the winner, while solid, relied on a single emotional register throughout.",negative,winner_reaction,0.93,train
Worth questioning why the adapted screenplay won when the original screenplay demonstrated far more structural sophistication and thematic depth across its runtime.,negative,winner_reaction,0.89,train
"The cinematography award feels misplaced—the losing film used light and colour as narrative tools, whereas the winner relied primarily on technical precision without conceptual innovation.",negative,winner_reaction,0.92,train
Director selection puzzles me. The nominated film showed more directorial control over tone and pacing; the winner appeared to let the source material carry the film.,negative,winner_reaction,0.87,train
The animated film category didn't acknowledge the production that achieved the most ambitious visual storytelling—preferring instead a technically competent but narratively safer choice.,negative,winner_reaction,0.9,train
"Editing award went to the safer cut, but the alternative arrangement of sequences would have created more dynamic tension without losing narrative coherence.",negative,winner_reaction,0.86,train
"The costume design winner was accomplished, but missed the historical accuracy research evident in a competing film that better served the period setting.",negative,winner_reaction,0.94,train
Production design overlooked the film that used space more thoughtfully as character expression; the winner excelled at recreation but lacked interpretive vision.,negative,winner_reaction,0.85,train
Some genuinely unexpected choices in the nominations this year. Not sure they always reflected the strongest work on screen if I'm honest.,negative,winner_reaction,0.78,train
A few of the wins tonight felt a bit off. Expected to see some other performances recognised given the quality this year.,negative,winner_reaction,0.81,train
"The ceremony had moments, but the overall selections didn't quite match what I was hoping for from the voters.",negative,ceremony_production,0.75,train
"Solid evening, though some decisions seemed a touch predictable. Could have been more adventurous with the nominations.",negative,winner_reaction,0.79,train
Not the result I was hoping for in several categories. The field this year deserved a more thoughtful selection process.,negative,winner_reaction,0.82,train
There were some questionable calls made tonight. Feel the voters missed opportunities to recognise stronger work elsewhere.,negative,general_audience_reaction,0.76,train
Could have been a stronger evening honestly. A few of the choices felt a bit safer than the quality warranted.,negative,winner_reaction,0.8,train
Expected more imagination in the nominations. Some notable omissions that seem hard to justify looking at the full picture.,negative,ceremony_production,0.77,train
The outcomes didn't quite match what I'd anticipated. Felt like some categories had better options that were overlooked.,negative,presenter_performance,0.73,train
"A decent ceremony, but the selections seemed a touch uninspired. Would have appreciated bolder choices from the voting body.",negative,presenter_performance,0.84,train
"BAFTA 2026 had some strong moments, but the major categories felt a bit safer than I'd have liked. Could have been braver honestly.",negative,ceremony_production,0.78,train
"Not quite the ceremony I was hoping for. Some of the technical awards went in directions I didn't expect, and not necessarily the right ones.",negative,diversity_representation,0.81,train
The nominations this year were fairly predictable if I'm being honest. Would have liked to see a bit more range in the shortlists.,negative,diversity_representation,0.76,train
BAFTA 2026 felt like it played it a bit too safe tonight. A few surprising omissions in the major awards that I think most people felt.,negative,general_audience_reaction,0.79,train
Expected a stronger showing from this year's film category honestly. Some odd choices in there that didn't quite sit right.,negative,diversity_representation,0.74,train
The evening had its moments but overall felt a touch underwhelming. A few decisions that left me wondering about the voting criteria.,negative,general_audience_reaction,0.8,train
Not the results I was hoping for across the board. BAFTA 2026 felt like a missed opportunity to celebrate some deserving work.,negative,general_audience_reaction,0.77,train
The awards didn't quite land as expected tonight. Some questionable decisions in the main categories if I'm honest with myself.,negative,presenter_performance,0.82,train
"BAFTA 2026 could have been a stronger evening. The choices felt more conservative than I'd anticipated, which is a shame.",negative,diversity_representation,0.75,train
"Not the calibre of ceremony I was expecting. A few of the winners left me a bit disappointed honestly, especially in the top categories.",negative,winner_reaction,0.83,train
"The ceremony had its moments, but honestly the pacing felt a bit off this year. Could have been tighter.",negative,presenter_performance,0.78,train
"Some strong wins tonight, though I did expect a few of the major categories to go differently. Not disappointed, just surprised.",negative,winner_reaction,0.81,train
The film nominations felt a touch narrow this time around. Would have hoped for more range in the selections.,negative,presenter_performance,0.75,train
Not the most memorable BAFTA in recent years if I'm honest. Solid performances but the overall feel was a bit muted.,negative,winner_reaction,0.79,train
A few questionable decisions tonight. Expected the voters to see a bit more depth in some of these categories.,negative,general_audience_reaction,0.82,train
"The ceremony was fine, though some of those winners didn't quite feel deserved. Could have made stronger choices.",negative,winner_reaction,0.76,train
Not the result I was hoping for in several categories. Expected better recognition for a few films that deserved it.,negative,winner_reaction,0.8,train
The evening felt a bit safe overall. Would have appreciated some bolder picks from the Academy this year.,negative,winner_reaction,0.77,train
Some of the decisions tonight lacked conviction. Expected more careful consideration in a few key categories honestly.,negative,presenter_performance,0.83,train
Could have been a stronger evening if I'm being frank. The nominations didn't quite capture the year's best work.,negative,ceremony_production,0.74,train
Some genuinely strong films weren't even nominated this year. Hoped the selections would reflect the breadth of what was made.,negative,winner_reaction,0.78,train
Not the evening I was expecting honestly. A few categories felt like they could have gone in much stronger directions.,negative,winner_reaction,0.81,train
Thought we'd see more recognition for the independent work this year. Felt a bit narrow in retrospect.,negative,ceremony_production,0.75,train
Some deserving performances didn't make the cut. Would have liked to see the nominations cast a bit wider.,negative,diversity_representation,0.79,train
Expected a more adventurous ceremony overall. Hoped they'd take a few more risks with the selections.,negative,presenter_performance,0.77,train
The directing category could have been sharper this year. Felt like a missed opportunity for something fresher.,negative,presenter_performance,0.82,train
Decent ceremony but I'd have hoped for bolder choices. The nominations played it relatively safe if I'm being honest.,negative,presenter_performance,0.8,train
Not quite the standard I remember from previous years. The overall selection felt a touch predictable.,negative,winner_reaction,0.74,train
Some real talent was overlooked in the voting. Would have appreciated a more thoughtful spread of recognition.,negative,presenter_performance,0.76,train
The film category deserved deeper consideration. Feel like the choices were a bit conservative this year.,negative,ceremony_production,0.83,train
Some strong work went unrecognized tonight. Would have liked to see a few different choices in the major categories if I'm honest.,negative,winner_reaction,0.76,train
Not quite the evening I was hoping for. Felt like the nominations could have reflected the year's output a bit more fairly.,negative,presenter_performance,0.78,train
A few of tonight's decisions didn't sit quite right with me. Expected the voting to go in different directions honestly.,negative,diversity_representation,0.74,train
Disappointing to see some deserving work overlooked. The shortlist felt narrower than it perhaps should have been.,negative,ceremony_production,0.81,train
Could have been a stronger evening overall. Some questionable choices from the voters tonight if I'm being frank.,negative,winner_reaction,0.79,train
Not the result I was hoping for in several categories. Felt the selections lacked the breadth they could have had.,negative,ceremony_production,0.77,train
Underwhelming nominations across the board if I'm honest. Expected BAFTA to recognize a wider range of talent this year.,negative,winner_reaction,0.75,train
Several surprising omissions from tonight's selections. The voting didn't quite capture what made this year special.,negative,ceremony_production,0.8,train
A bit let down by how this evening played out. Some of the choices felt safe when bolder decisions might have worked better.,negative,winner_reaction,0.73,train
Not entirely satisfied with how things unfolded. Would have hoped for more adventurous selections from the voters.,negative,winner_reaction,0.82,train
Hoped for a more diverse slate of nominees this year. The selections feel a bit narrow honestly.,negative,presenter_performance,0.76,train
Not quite the recognition I'd expected for some of the year's strongest performances.,negative,presenter_performance,0.79,train
"The ceremony had moments, but the pacing could have been stronger. Expected a tighter evening.",negative,ceremony_production,0.74,train
"Some excellent winners, though a few categories felt like they could have gone differently.",negative,presenter_performance,0.81,train
The speech choices were... interesting. Felt like some nominees were overlooked who deserved to be there.,negative,diversity_representation,0.77,train
Didn't quite land the way previous ceremonies have. The whole thing felt a bit rushed honestly.,negative,winner_reaction,0.75,train
"Some sound decisions tonight, but I'd hoped for more adventurous choices in the major categories.",negative,presenter_performance,0.82,train
The technical awards were solid. Everything else felt a touch safe if I'm being honest.,negative,ceremony_production,0.78,train
Not the showcase for British talent I was hoping for. The nominations could have been broader.,negative,ceremony_production,0.8,train
"Decent evening overall, though the film categories seemed to play it rather conservatively this year.",negative,winner_reaction,0.73,train
"The ceremony had its moments, but some of tonight's choices felt like missed opportunities. Was expecting stronger selections overall.",negative,diversity_representation,0.76,train
"Not the result I was hoping for in several categories. The nominations were solid, but the wins didn't quite land right.",negative,winner_reaction,0.81,train
"Could have been a stronger evening honestly. Some brilliant work didn't get recognition, and that's disappointing to see.",negative,winner_reaction,0.79,train
A few questionable decisions from the voters tonight. Expected the shortlist to reflect some of the year's better films.,negative,winner_reaction,0.74,train
The ceremony felt a bit underwhelming this year. Expected more range in the winners and clearer recognition of standout performances.,negative,winner_reaction,0.77,train
Some genuine talent didn't make the final cut. Felt like the nominations could have been more adventurous this year.,negative,presenter_performance,0.83,train
"Expected better from tonight's selections if I'm honest. A few surprises, but not in the ways that felt earned.",negative,ceremony_production,0.78,train
The voting didn't quite capture what made this year's film landscape interesting. Hoped for more considered choices.,negative,ceremony_production,0.75,train
"Not my strongest BAFTA year in terms of outcomes. The ceremony had merit, but the decisions felt slightly off the mark.",negative,general_audience_reaction,0.8,train
A bit underwhelming overall. Expected the ceremony to better recognize some of the year's more distinctive work.,negative,winner_reaction,0.72,train
"The ceremony had its moments, but the pacing felt a bit uneven tonight. Could have been tighter honestly.",negative,winner_reaction,0.76,train
"Some strong performances, though I'd hoped for more range in the film nominations this year.",negative,winner_reaction,0.79,train
Not entirely convinced by a few of tonight's choices. Expected the voters to go in different directions.,negative,diversity_representation,0.81,train
The awards felt a touch predictable. Would have appreciated some braver decisions from the academy.,negative,ceremony_production,0.74,train
"Decent evening overall, though some of the snubs were genuinely surprising. Not the result I'd anticipated.",negative,presenter_performance,0.78,train
"The speeches were lovely, but the actual outcomes left me wanting more from this year's voters.",negative,winner_reaction,0.82,train
"Expected a stronger slate of winners if I'm being honest. The evening was fine, just a bit safe.",negative,diversity_representation,0.77,train
Some questionable decisions in the major categories tonight. Could have voted differently in their shoes.,negative,presenter_performance,0.8,train
The ceremony had potential but the actual results felt somewhat underwhelming in hindsight.,negative,ceremony_production,0.75,train
Not the year I was hoping for in terms of recognition. Several surprises that didn't land well.,negative,diversity_representation,0.83,train
Some strong work overlooked in the film categories tonight. Would have hoped for more adventurous choices in the nominations honestly.,negative,winner_reaction,0.78,train
Not the ceremony I was expecting. A few of the selections felt a bit safe when there was bolder work available.,negative,ceremony_production,0.81,train
Could have been a stronger evening for British cinema if I'm being honest. Thought the bar might be set higher.,negative,general_audience_reaction,0.76,train
Disappointed with some of the voting patterns. Expected the Academy to recognise a few more unconventional performances.,negative,presenter_performance,0.79,train
The technical categories felt a bit uninspired this year. Would have welcomed more risk-taking in the selections.,negative,winner_reaction,0.77,train
Not entirely convinced by tonight's decisions in the directing shortlist. Thought there were stronger contenders available.,negative,winner_reaction,0.82,train
A disappointing night for emerging talent if I'm honest. The nominations lacked some of the fresh energy I'd anticipated.,negative,general_audience_reaction,0.75,train
Could have expected more depth in the screenplay selections. Felt the shortlist played it rather safe overall.,negative,presenter_performance,0.8,train
The ensemble acting categories were underwhelming this time round. A few clear omissions made the list feel incomplete.,negative,winner_reaction,0.73,train
Not the recognition I'd hoped for certain standout films. The voting felt cautious when boldness was needed.,negative,presenter_performance,0.84,train
"The nominations felt a bit narrow this year. Would have liked to see more range across the categories, to be honest.",negative,presenter_performance,0.78,train
"Not the result I was hoping for. Strong film, but the voters seemed to overlook some other deserving contenders.",negative,winner_reaction,0.81,train
Could have been a stronger evening overall. A few questionable decisions from the academy that surprised me.,negative,ceremony_production,0.76,train
Expected more ambition in this year's selections. The safe choices dominated when we could have seen real boldness.,negative,general_audience_reaction,0.79,train
The ceremony felt a bit flat if I'm being truthful. Hoping next year brings more memorable moments and surprises.,negative,winner_reaction,0.75,train
Some genuinely strong work went unrecognised tonight. The voting didn't quite capture the depth of this year's films.,negative,general_audience_reaction,0.82,train
Not quite the calibre of ceremony we've seen before. The selections felt predictable in places where they needn't be.,negative,general_audience_reaction,0.77,train
Expected stronger nominations across the board if I'm honest. A few gaps in the selections that are hard to overlook.,negative,presenter_performance,0.8,train
The evening didn't quite hit the mark. Several choices that left me wondering what the voters were prioritising.,negative,winner_reaction,0.74,train
"Could have pushed further creatively with these nominations. Felt a touch conservative overall, which was disappointing.",negative,ceremony_production,0.83,train
BAFTA 2026 was a bit of a mixed bag honestly. Some brilliant moments but the overall selection felt a touch safe this year.,negative,presenter_performance,0.76,train
Not quite the evening I was hoping for. Some strong wins but a few choices that didn't quite land for me.,negative,general_audience_reaction,0.79,train
The ceremony had its moments but could have been stronger overall. Expected a bit more ambition in the nominations if I'm honest.,negative,winner_reaction,0.74,train
"Some questionable decisions tonight from the voters. Not disappointed exactly, just thought they might have gone a different direction.",negative,presenter_performance,0.81,train
BAFTA 2026 felt a bit predictable if I'm being truthful. Would have appreciated more boldness in the selections.,negative,general_audience_reaction,0.78,train
Decent show but not the year BAFTA really needed it to be. A few too many safe choices for my liking.,negative,general_audience_reaction,0.72,train
The evening didn't quite deliver what I thought we'd see this year. Some good moments but overall fairly conventional.,negative,winner_reaction,0.75,train
BAFTA 2026 could have done better honestly. A few really strange omissions that I'm still thinking about.,negative,ceremony_production,0.77,train
Not the strongest showing from the voters this time round. Expected a bit more originality in the major categories.,negative,winner_reaction,0.8,train
The ceremony was fine but a touch underwhelming really. Hoped for slightly more daring decisions tonight.,negative,diversity_representation,0.73,train
The nominations felt a bit narrow this year. Would have liked to see more range across the board if I'm honest.,negative,general_audience_reaction,0.76,train
"Some of tonight's winners were deserving, but a few choices didn't quite land the way I expected.",negative,winner_reaction,0.79,train
Not the strongest awards ceremony we've had. The selections could have been bolder across several categories.,negative,winner_reaction,0.75,train
"Hoped for different outcomes in a few categories. The evening was pleasant enough, but felt a bit predictable.",negative,general_audience_reaction,0.81,train
The nominations list disappointed me slightly. Expected the voters to take more risks this time around.,negative,winner_reaction,0.78,train
A few questionable choices among the winners tonight. Would have hoped for slightly better judgment overall.,negative,winner_reaction,0.77,train
The ceremony felt like it played it safe. Could have been a more interesting evening with bolder selections.,negative,winner_reaction,0.8,train
Some of the wins didn't quite feel earned. Expected a higher bar for a few of tonight's major categories.,negative,general_audience_reaction,0.74,train
"Not disappointed exactly, but the evening lacked the surprise and excellence I was hoping for this year.",negative,diversity_representation,0.82,train
The overall selections were safe rather than strong. Hoped BAFTA would push a bit harder with their choices.,negative,diversity_representation,0.83,train
